,Unnamed: 0,file,ut_epoch,ra,dec,jd,bjd_x,star_match,spec_bjd,photo_bjd,T_final,err_tot,phasemod,baseline_time,baseline_div_period,my_spec_bjd,my_phase,spec_file,#,filenames,mjd,hjd,bjd_y,elapsed_bjd_since_spec_01,curve,period,GCVS,Note,ndl_spec_bjd,number_cur,star_name,#Name,Period,Mag_Max,Mag_Min,Amp,Ave(M),Ave(I),Epoch_Max,Epoch_Min,Factor,Method,Order,Npts,Sigmaclip,Dates,Phases,ndl_phase,ndl_time_baselines,ndl_baseline_div_period,error_ndl_phase,error_my_phase
0,24.0,AR_Per_01.fits,2012-12-21 04:14:22.28,04:18:10.10,+47:20:05.40,2456282.67664676,2456282.6822751886,AR Per,2456282.6822751886,2456574.74991518,0.4255504703,6.505386482068921e-06,0.6709735386342572,-292.0676399911754,-686.3290264613657,56282.68227518862,0.6709735386342572,AR_Per_01.fits,3.0,AR_Per_01.fits,56282.1766467593,56282.6815040411,56282.6822672246,0.0,AR_Per_E.cur,0.42555068451538897,0.42554892,“Picked East just because they look nearly the same”,56282.6822672246,3.0,AR_Per,AR_Per_E.cur_3,0.42555068451538897,14.904000000000002,14.071,0.833,14.548,14.606,2456538.154405,2456538.513078,1.0,Median,3.0,100.0,None,2456282.682267225,0.66695509,0.66695509,255.4721377755559,600.3330439157534,0.0039053984686288298,0.004464835570993291
1,96.0,AR_Per_02.fits,2012-12-21 04:27:07.07,04:18:10.40,+47:20:05.0,2456282.685498496,2456282.691126706,AR Per,2456282.691126706,2456574.74991518,0.4255504703,6.505386482068921e-06,0.6917736976641891,-292.05878847371787,-686.3082263023357,56282.69112670608,0.6917736976641891,AR_Per_02.fits,24.0,AR_Per_02.fits,56282.1854984954,56282.69035552,56282.69111870349,0.0088514789,AR_Per_E.cur,0.42555068451538897,0.42554892,“Picked East just because they look nearly the same”,56282.69111870349,24.0,AR_Per,AR_Per_E.cur_24,0.42555068451538897,14.904000000000002,14.071,0.833,14.548,14.606,2456538.154405,2456538.513078,1.0,Median,3.0,100.0,None,2456282.6911187037,0.68775515,0.68775515,255.46328629666095,600.3122438578118,0.0039052631562130707,0.004464700257919912
2,118.0,AR_Per_03.fits,2012-12-21 06:08:14.21,04:18:12.40,+47:19:58.80,2456282.755720023,2456282.761346463,AR Per,2456282.761346463,2456574.74991518,0.4255504703,6.505386482068921e-06,0.8567829314358733,-291.9885687166825,-686.1432170685641,56282.761346463114,0.8567829314358733,AR_Per_03.fits,28.0,AR_Per_03.fits,56282.255720023095,56282.760574987304,56282.761338171105,0.0790709465,AR_Per_E.cur,0.42555068451538897,0.42554892,“Picked East just because they look nearly the same”,56282.761338171105,28.0,AR_Per,AR_Per_E.cur_28,0.42555068451538897,14.904000000000002,14.071,0.833,14.548,14.606,2456538.154405,2456538.513078,1.0,Median,3.0,100.0,None,2456282.761338171,0.85276362,0.85276362,255.39306682904862,600.1472353872174,0.0039041897123390386,0.004463626809081118
3,74.0,AR_Per_04.fits,2012-12-21 07:08:50.50,04:18:14.90,+47:19:59.30,2456282.7978067133,2456282.803432178,AR Per,2456282.803432178,2456574.74991518,0.4255504703,6.505386482068921e-06,0.9556800495008702,-291.94648300157866,-686.0443199504991,56282.80343217822,0.9556800495008702,AR_Per_04.fits,16.0,AR_Per_04.fits,56282.297806712995,56282.802660425594,56282.803423609505,0.121156385,AR_Per_E.cur,0.42555068451538897,0.42554892,“Picked East just because they look nearly the same”,56282.803423609505,16.0,AR_Per,AR_Per_E.cur_16,0.42555068451538897,14.904000000000002,14.071,0.833,14.548,14.606,2456538.154405,2456538.513078,1.0,Median,3.0,100.0,None,2456282.803423609,0.95166004,0.95166004,255.3509813906494,600.0483389691628,0.0039035463529179014,0.004462983445106142
4,81.0,AR_Per_05.fits,2012-12-21 07:32:16.76,04:18:17.00,+47:20:00.60,2456282.8140828703,2456282.819708069,AR Per,2456282.819708069,2456574.74991518,0.4255504703,6.505386482068921e-06,0.993926724744142,-291.9302071109414,-686.0060732752559,56282.819708068855,0.993926724744142,AR_Per_05.fits,21.0,AR_Per_05.fits,56282.3140828704,56282.8189360959,56282.819699279804,0.1374320553,AR_Per_E.cur,0.42555068451538897,0.42554892,“Picked East just because they look nearly the same”,56282.819699279804,21.0,AR_Per,AR_Per_E.cur_21,0.42555068451538897,14.904000000000002,14.071,0.833,14.548,14.606,2456538.154405,2456538.513078,1.0,Median,3.0,100.0,None,2456282.81969928,0.98990618,0.98990618,255.33470572035003,600.0100928309433,0.003903297547007337,0.004462734635702031
5,46.0,AR_Per_06.fits,2012-12-21 07:51:03.83,04:18:18.00,+47:20:01.90,2456282.827127662,2456282.8327525686,AR Per,2456282.8327525686,2456574.74991518,0.4255504703,6.505386482068921e-06,0.02457996261500739,-291.91716261114925,-685.975420037385,56282.83275256865,0.02457996261500739,AR_Per_06.fits,9.0,AR_Per_06.fits,56282.327127662,56282.831980495896,56282.8327436799,0.1504764554,AR_Per_E.cur,0.42555068451538897,0.42554892,“Picked East just because they look nearly the same”,56282.8327436799,9.0,AR_Per,AR_Per_E.cur_9,0.42555068451538897,14.904000000000002,14.071,0.833,14.548,14.606,2456538.154405,2456538.513078,1.0,Median,3.0,100.0,None,2456282.83274368,0.02055916,0.02055916,255.32166132025304,599.9794398427762,0.0039030981374724794,0.004462535224542754
6,55.0,AR_Per_07.fits,2012-12-21 08:14:07.25,04:18:19.50,+47:20:04.50,2456282.843139468,2456282.848764036,AR Per,2456282.848764036,2456574.74991518,0.4255504703,6.505386482068921e-06,0.06220526988397524,-291.90115114394575,-685.9377947301159,56282.84876403585,0.06220526988397524,AR_Per_07.fits,12.0,AR_Per_07.fits,56282.3431394676,56282.847991819406,56282.8487550035,0.1664877789,AR_Per_E.cur,0.42555068451538897,0.42554892,“Picked East just because they look nearly the same”,56282.8487550035,12.0,AR_Per,AR_Per_E.cur_12,0.42555068451538897,14.904000000000002,14.071,0.833,14.548,14.606,2456538.154405,2456538.513078,1.0,Median,3.0,100.0,None,2456282.848755004,0.05818411,0.05818411,255.30564999665512,599.9418148919054,0.0039028533726256963,0.004462290457377462
7,68.0,AR_Per_08.fits,2012-12-22 04:36:40.09,04:18:10.10,+47:20:00.10,2456283.6921306713,2456283.6977288728,AR Per,2456283.6977288728,2456574.74991518,0.4255504703,6.505386482068921e-06,0.057185645103913885,-291.05218630703166,-683.9428143548961,56283.697728872765,0.057185645103913885,AR_Per_08.fits,14.0,AR_Per_08.fits,56283.1921306713,56283.6969574694,56283.6977206563,1.0154534318000001,AR_Per_E.cur,0.42555068451538897,0.42554892,“Picked East just because they look nearly the same”,56283.6977206563,14.0,AR_Per,AR_Per_E.cur_14,0.42555068451538897,14.904000000000002,14.071,0.833,14.548,14.606,2456538.154405,2456538.513078,1.0,Median,3.0,100.0,None,2456283.697720656,0.0531654,0.0531654,254.45668434385152,597.9468336036708,0.0038898752483212343,0.004449312339012515
8,89.0,AR_Per_09.fits,2012-12-22 05:57:06.72,04:18:12.20,+47:20:01.0,2456283.7479944443,2456283.7535911626,AR Per,2456283.7535911626,2456574.74991518,0.4255504703,6.505386482068921e-06,0.1884563021754957,-290.99632401717827,-683.8115436978245,56283.75359116262,0.1884563021754957,AR_Per_09.fits,22.0,AR_Per_09.fits,56283.247994444406,56283.752819519,56283.7535827061,1.0713154815,AR_Per_E.cur,0.42555068451538897,0.42554892,“Picked East just because they look nearly the same”,56283.7535827061,22.0,AR_Per,AR_Per_E.cur_22,0.42555068451538897,14.904000000000002,14.071,0.833,14.548,14.606,2456538.154405,2456538.513078,1.0,Median,3.0,100.0,None,2456283.7535827057,0.18443543,0.18443543,254.4008222940538,597.8155635767848,0.0038890212860628296,0.004448458372654509
9,43.0,AR_Per_10.fits,2012-12-22 07:39:54.86,04:18:17.40,+47:20:11.10,2456283.819384953,2456283.8249799497,AR Per,2456283.8249799497,2456574.74991518,0.4255504703,6.505386482068921e-06,0.3562126368682357,-290.924935230054,-683.6437873631318,56283.82497994974,0.3562126368682357,AR_Per_10.fits,6.0,AR_Per_10.fits,56283.3193849537,56283.8242077941,56283.8249709814,1.1427037569,AR_Per_E.cur,0.42555068451538897,0.42554892,“Picked East just because they look nearly the same”,56283.8249709814,6.0,AR_Per,AR_Per_E.cur_6,0.42555068451538897,14.904000000000002,14.071,0.833,14.548,14.606,2456538.154405,2456538.513078,1.0,Median,3.0,100.0,None,2456283.824970981,0.35219048,0.35219048,254.32943401875673,597.6478085292788,0.003887929974644485,0.004447367052862517
10,57.0,AR_Per_11.fits,2012-12-24 03:23:39.71,04:18:08.40,+47:20:16.0,2456285.6414318285,2456285.6469672243,AR Per,2456285.6469672243,2456574.74991518,0.4255504703,6.505386482068921e-06,0.6376960371428595,-289.10294795548543,-679.3623039628571,56285.64696722431,0.6376960371428595,AR_Per_11.fits,13.0,AR_Per_11.fits,56285.1414318287,56285.6461957824,56285.6469589761,2.9646917514999998,AR_Per_E.cur,0.42555068451538897,0.42554892,“Picked East just because they look nearly the same”,56285.6469589761,13.0,AR_Per,AR_Per_E.cur_13,0.42555068451538897,14.904000000000002,14.071,0.833,14.548,14.606,2456538.154405,2456538.513078,1.0,Median,3.0,100.0,None,2456285.646958976,0.63367341,0.63367341,252.5074460240503,593.3663255919848,0.003860077273421004,0.004419514348627168
11,77.0,AR_Per_12.fits,2012-12-24 06:06:39.66,04:18:11.80,+47:20:02.30,2456285.7546256944,2456285.7601578347,AR Per,2456285.7601578347,2456574.74991518,0.4255504703,6.505386482068921e-06,0.9036823732585616,-288.98975734505797,-679.0963176267414,56285.76015783474,0.9036823732585616,AR_Per_12.fits,17.0,AR_Per_12.fits,56285.2546256945,56285.759385833895,56285.760149028,3.0778818035000004,AR_Per_E.cur,0.42555068451538897,0.42554892,“Picked East just because they look nearly the same”,56285.760149028,17.0,AR_Per,AR_Per_E.cur_17,0.42555068451538897,14.904000000000002,14.071,0.833,14.548,14.606,2456538.154405,2456538.513078,1.0,Median,3.0,100.0,None,2456285.760149028,0.8996583,0.8996583,252.3942559721545,593.1003407022538,0.003858346938914913,0.004417784004711786
12,79.0,AR_Per_13.fits,2012-12-24 06:25:43.06,04:18:12.60,+47:20:02.30,2456285.76785949,2456285.77339128,AR Per,2456285.77339128,2456574.74991518,0.4255504703,6.505386482068921e-06,0.9347796132869916,-288.9765238999389,-679.065220386713,56285.77339127986,0.9347796132869916,AR_Per_13.fits,19.0,AR_Per_13.fits,56285.267859490705,56285.772619178395,56285.7733823725,3.091115148,AR_Per_E.cur,0.42555068451538897,0.42554892,“Picked East just because they look nearly the same”,56285.7733823725,19.0,AR_Per,AR_Per_E.cur_19,0.42555068451538897,14.904000000000002,14.071,0.833,14.548,14.606,2456538.154405,2456538.513078,1.0,Median,3.0,100.0,None,2456285.7733823727,0.93075529,0.93075529,252.3810226276546,593.069243714324,0.0038581446409900015,0.004417581705146875
13,98.0,AR_Per_14.fits,2012-12-24 06:48:31.97,04:18:13.60,+47:20:02.30,2456285.783703356,2456285.7892347286,AR Per,2456285.7892347286,2456574.74991518,0.4255504703,6.505386482068921e-06,0.972010094276925,-288.9606804512441,-679.0279899057231,56285.78923472855,0.972010094276925,AR_Per_14.fits,26.0,AR_Per_14.fits,56285.2837033565,56285.7884625016,56285.7892256958,3.1069584712,AR_Per_E.cur,0.42555068451538897,0.42554892,“Picked East just because they look nearly the same”,56285.7892256958,26.0,AR_Per,AR_Per_E.cur_26,0.42555068451538897,14.904000000000002,14.071,0.833,14.548,14.606,2456538.154405,2456538.513078,1.0,Median,3.0,100.0,None,2456285.789225696,0.96798546,0.96798546,252.36517930435366,593.0320135467377,0.003857902444361061,0.004417339506479123
14,116.0,AR_Per_15.fits,2012-12-25 04:16:23.67,04:18:08.20,+47:20:06.30,2456286.6780517357,2456286.6835516985,AR Per,2456286.6835516985,2456574.74991518,0.4255504703,6.505386482068921e-06,0.07356333489394729,-288.06636348133907,-676.9264366651059,56286.68355169846,0.07356333489394729,AR_Per_15.fits,27.0,AR_Per_15.fits,56286.178051736104,56286.6827799996,56286.683543197,4.0012759724,AR_Per_E.cur,0.42555068451538897,0.42554892,“Picked East just because they look nearly the same”,56286.683543197,27.0,AR_Per,AR_Per_E.cur_27,0.42555068451538897,14.904000000000002,14.071,0.833,14.548,14.606,2456538.154405,2456538.513078,1.0,Median,3.0,100.0,None,2456286.683543197,0.06953889,0.06953889,251.4708618031509,590.9304601155144,0.003844231027078235,0.004403668090436264
15,3.0,AR_Per_16.fits,2012-12-28 05:51:42.70,04:18:11.80,+47:20:03.20,2456289.7442442128,2456289.749630504,AR Per,2456289.749630504,2456574.74991518,0.4255504703,6.505386482068921e-06,0.27853435216843536,-285.00028467644006,-669.7214656478317,56289.74963050382,0.27853435216843536,AR_Per_16.fits,0.0,AR_Per_16.fits,56289.244244213,56289.7488577183,56289.7496209269,7.0673537024,AR_Per_E.cur,0.42555068451538897,0.42554892,“Picked East just because they look nearly the same”,56289.7496209269,0.0,AR_Per,AR_Per_E.cur_0,0.42555068451538897,14.904000000000002,14.071,0.833,14.548,14.606,2456538.154405,2456538.513078,1.0,Median,3.0,100.0,None,2456289.749620927,0.27450376,0.27450376,248.4047840732528,583.7254952512475,0.0037973599460464514,0.004356796969376789
16,86.0,AV_Peg_01.fits,2013-07-24 08:46:04.27,21:52:45.50,+22:34:05.70,2456497.865327199,2456497.86998138,AV Peg,2456497.86998138,2456593.58904773,0.3903816816,6.505386482068921e-06,0.8064602891205368,-95.7190663497895,-245.19353971087943,56497.86998138018,0.8064602891205368,AV_Peg_01.fits,12.0,AV_Peg_01.fits,56497.3653271991,56497.869205874806,56497.8699875234,0.0,AV_Peg_E.cur,0.39038150961651297,0.3903747,“Picked East just because they look nearly the same”,56497.8699875234,12.0,AV_Peg,AV_Peg_E.cur_12,0.39038150961651297,14.978,14.177,0.8009999999999999,14.655999999999999,14.712,2455123.410307,2455123.734648,1.0,Median,3.0,100.0,None,2456497.8699875236,0.81142905,0.81142905,-1374.459680523476,-3520.811428475856,0.0229042390727206,0.0015950787387257843
17,33.0,AV_Peg_02.fits,2013-07-24 10:01:28.47,21:52:46.90,+22:33:34.50,2456497.917690625,2456497.9223477743,AV Peg,2456497.9223477743,2456593.58904773,0.3903816816,6.505386482068921e-06,0.9406018140745688,-95.66669995570557,-245.05939818592546,56497.92234777426,0.9406018140745688,AV_Peg_02.fits,6.0,AV_Peg_02.fits,56497.417690625,56497.9215718991,56497.922353549,0.052366025700000006,AV_Peg_E.cur,0.39038150961651297,0.3903747,“Picked East just because they look nearly the same”,56497.922353549,6.0,AV_Peg,AV_Peg_E.cur_6,0.39038150961651297,14.978,14.177,0.8009999999999999,14.655999999999999,14.712,2455123.410307,2455123.734648,1.0,Median,3.0,100.0,None,2456497.922353549,0.94556969,0.94556969,-1374.5120465490763,-3520.9455691159997,0.02290511170942769,0.0015942060962626644
18,65.0,AV_Peg_03.fits,2013-07-24 10:47:39.05,21:52:49.90,+22:33:34.50,2456497.949757524,2456497.954415798,AV Peg,2456497.954415798,2456593.58904773,0.3903816816,6.505386482068921e-06,0.022747123230345775,-95.63463193178177,-244.97725287676963,56497.95441579819,0.022747123230345775,AV_Peg_03.fits,10.0,AV_Peg_03.fits,56497.4497575232,56497.9536403771,56497.954422027804,0.0844345045,AV_Peg_E.cur,0.39038150961651297,0.3903747,“Picked East just because they look nearly the same”,56497.954422027804,10.0,AV_Peg,AV_Peg_E.cur_10,0.39038150961651297,14.978,14.177,0.8009999999999999,14.655999999999999,14.712,2455123.410307,2455123.734648,1.0,Median,3.0,100.0,None,2456497.9544220283,0.027716200000000003,0.027716200000000003,-1374.5441150278784,-3521.0277156265597,0.022905646104227035,0.0015936717092789167
19,9.0,AV_Peg_04.fits,2013-07-25 07:39:22.39,21:52:44.90,+22:33:31.40,2456498.819009144,2456498.8237113687,AV Peg,2456498.8237113687,2456593.58904773,0.3903816816,6.505386482068921e-06,0.24953083646931876,-94.76533636124806,-242.75046916353068,56498.82371136872,0.24953083646931876,AV_Peg_04.fits,2.0,AV_Peg_04.fits,56498.319009143495,56498.8229348916,56498.8237165651,0.9537290418000001,AV_Peg_E.cur,0.39038150961651297,0.3903747,“Picked East just because they look nearly the same”,56498.8237165651,2.0,AV_Peg,AV_Peg_E.cur_2,0.39038150961651297,14.978,14.177,0.8009999999999999,14.655999999999999,14.712,2455123.410307,2455123.734648,1.0,Median,3.0,100.0,None,2456498.8237165646,0.25449825,0.25449825,-1375.4134095651752,-3523.254497674077,0.022920132182057466,0.001579185620612321
20,19.0,AV_Peg_05.fits,2013-07-25 08:16:03.93,21:52:44.90,+22:34:06.10,2456498.844489931,2456498.8491927776,AV Peg,2456498.8491927776,2456593.58904773,0.3903816816,6.505386482068921e-06,0.3148039015966333,-94.73985495232046,-242.68519609840337,56498.84919277765,0.3148039015966333,AV_Peg_05.fits,3.0,AV_Peg_05.fits,56498.3444899306,56498.848416928,56498.8491986022,0.9792110789,AV_Peg_E.cur,0.39038150961651297,0.3903747,“Picked East just because they look nearly the same”,56498.8491986022,3.0,AV_Peg,AV_Peg_E.cur_3,0.39038150961651297,14.978,14.177,0.8009999999999999,14.655999999999999,14.712,2455123.410307,2455123.734648,1.0,Median,3.0,100.0,None,2456498.8491986026,0.31977295,0.31977295,-1375.4388916022726,-3523.319772377078,0.022920556819227993,0.0015787609940967984
21,107.0,AV_Peg_06.fits,2013-07-25 08:51:36.36,21:52:44.90,+22:34:06.10,2456498.869170833,2456498.873874892,AV Peg,2456498.873874892,2456593.58904773,0.3903816816,6.505386482068921e-06,0.37802949728873614,-94.715172837954,-242.6219705027113,56498.873874892015,0.37802949728873614,AV_Peg_06.fits,14.0,AV_Peg_06.fits,56498.3691708333,56498.8730990356,56498.8738807104,1.003893187,AV_Peg_E.cur,0.39038150961651297,0.3903747,“Picked East just because they look nearly the same”,56498.8738807104,14.0,AV_Peg,AV_Peg_E.cur_14,0.39038150961651297,14.978,14.177,0.8009999999999999,14.655999999999999,14.712,2455123.410307,2455123.734648,1.0,Median,3.0,100.0,None,2456498.8738807105,0.38299856,0.38299856,-1375.4635737104763,-3523.382997984838,0.02292096812624203,0.0015783496871612625
22,108.0,AV_Peg_07.fits,2013-07-25 10:17:00.98,21:52:49.10,+22:34:03.0,2456498.928483565,2456498.9331899458,AV Peg,2456498.9331899458,2456593.58904773,0.3903816816,6.505386482068921e-06,0.5299706782965075,-94.65585778420791,-242.4700293217035,56498.93318994576,0.5299706782965075,AV_Peg_07.fits,15.0,AV_Peg_07.fits,56498.42848356481,56498.9324146404,56498.93319631679,1.0632087934999999,AV_Peg_E.cur,0.39038150961651297,0.3903747,“Picked East just because they look nearly the same”,56498.93319631679,15.0,AV_Peg,AV_Peg_E.cur_15,0.39038150961651297,14.978,14.177,0.8009999999999999,14.655999999999999,14.712,2455123.410307,2455123.734648,1.0,Median,3.0,100.0,None,2456498.933196317,0.53494122,0.53494122,-1375.5228893168678,-3523.5349406484384,0.022921956571991867,0.0015773612510562648
23,2.0,AV_Peg_08.fits,2013-07-26 08:03:17.91,21:52:45.40,+22:34:05.70,2456499.835623958,2456499.840374843,AV Peg,2456499.840374843,2456593.58904773,0.3903816816,6.505386482068921e-06,0.8538115248704798,-93.74867288675159,-240.14618847512955,56499.84037484322,0.8538115248704798,AV_Peg_08.fits,0.0,AV_Peg_08.fits,56499.3356239583,56499.8395987942,56499.840380494294,1.9703929709999999,AV_Peg_E.cur,0.39038150961651297,0.3903747,“Picked East just because they look nearly the same”,56499.840380494294,0.0,AV_Peg,AV_Peg_E.cur_0,0.39038150961651297,14.978,14.177,0.8009999999999999,14.655999999999999,14.712,2455123.410307,2455123.734648,1.0,Median,3.0,100.0,None,2456499.8403804945,0.85878125,0.85878125,-1376.4300734943681,-3525.858780674549,0.02293707404948422,0.0015622437682264831
24,31.0,AV_Peg_09.fits,2013-07-26 08:38:38.26,21:52:44.40,+22:34:05.70,2456499.860165046,2456499.8649172536,AV Peg,2456499.8649172536,2456593.58904773,0.3903816816,6.505386482068921e-06,0.9166792554763958,-93.72413047635928,-240.08332074452358,56499.86491725361,0.9166792554763958,AV_Peg_09.fits,5.0,AV_Peg_09.fits,56499.3601650463,56499.8641410543,56499.8649227551,1.9949352317,AV_Peg_E.cur,0.39038150961651297,0.3903747,“Picked East just because they look nearly the same”,56499.8649227551,5.0,AV_Peg,AV_Peg_E.cur_5,0.39038150961651297,14.978,14.177,0.8009999999999999,14.655999999999999,14.712,2455123.410307,2455123.734648,1.0,Median,3.0,100.0,None,2456499.8649227554,0.92164862,0.92164862,-1376.454615755174,-3525.921648049671,0.022937483026056502,0.0015618347893416407
25,99.0,BH_Peg_01.fits,2013-07-24 09:36:23.75,22:53:47.40,+15:46:56.50,2456497.9002748844,2456497.9045969616,BH Peg,2456497.9045969616,2456563.6316311043,0.640993,7.008262170222624e-06,0.4606054314063641,-65.72703414270654,-102.53939456859364,56497.90459696157,0.4606054314063641,BH_Peg_01.fits,,,,,,,,,,,,,,,,,,,,,,,,,,,,,,,,,,0.000718622959912606
26,29.0,BH_Peg_02.fits,2013-07-24 10:25:10.29,22:53:47.90,+15:47:21.10,2456497.934146875,2456497.938470805,BH Peg,2456497.938470805,2456563.6316311043,0.640993,7.008262170222624e-06,0.5134513181708087,-65.69316029921174,-102.4865486818292,56497.938470805064,0.5134513181708087,BH_Peg_02.fits,,,,,,,,,,,,,,,,,,,,,,,,,,,,,,,,,,0.0007182526020835429
27,0.0,BH_Peg_03.fits,2013-07-24 11:12:07.52,22:53:49.60,+15:47:25.50,2456497.9667537035,2456497.9710793938,BH Peg,2456497.9710793938,2456563.6316311043,0.640993,7.008262170222624e-06,0.5643233069316835,-65.66055171051994,-102.43567669306832,56497.971079393756,0.5643233069316835,BH_Peg_03.fits,,,,,,,,,,,,,,,,,,,,,,,,,,,,,,,,,,0.0007178960778491861
28,117.0,RR_Cet_01.fits,2012-12-22 02:04:07.93,01:32:52.00,+01:20:08.90,2456283.586202893,2456283.5890340623,RR Cet,2456283.5890340623,2456576.672002036,0.55305291,6.634404432869558e-06,0.06341947684552451,-293.0829679737799,-529.9365805231545,56283.589034062345,0.06341947684552451,RR_Cet_01.fits,,,,,,,,,,,,,,,,,,,,,,,,,,,,,,,,,,0.0035158135989625514
29,4.0,RR_Cet_02.fits,2012-12-22 02:20:51.45,01:32:51.70,+01:20:08.90,2456283.5978177083,2456283.6006476907,RR Cet,2456283.6006476907,2456576.672002036,0.55305291,6.634404432869558e-06,0.08441860396590073,-293.0713543454185,-529.9155813960341,56283.600647690706,0.08441860396590073,RR_Cet_02.fits,,,,,,,,,,,,,,,,,,,,,,,,,,,,,,,,,,0.0035156742822604974
30,27.0,RR_Cet_03.fits,2012-12-22 02:35:51.61,01:32:52.50,+01:20:08.10,2456283.6082362267,2456283.6110655093,RR Cet,2456283.6110655093,2456576.672002036,0.55305291,6.634404432869558e-06,0.10325553325264993,-293.0609365268611,-529.8967444667474,56283.61106550926,0.10325553325264993,RR_Cet_03.fits,,,,,,,,,,,,,,,,,,,,,,,,,,,,,,,,,,0.003515549310453336
31,45.0,RR_Cet_04.fits,2012-12-22 02:49:15.67,01:32:53.20,+01:20:07.60,2456283.617542477,2456283.62037113,RR Cet,2456283.62037113,2456576.672002036,0.55305291,6.634404432869558e-06,0.1200814470083742,-293.05163090629503,-529.8799185529916,56283.62037112983,0.1200814470083742,RR_Cet_04.fits,,,,,,,,,,,,,,,,,,,,,,,,,,,,,,,,,,0.003515437680536528
32,56.0,RR_Cet_05.fits,2012-12-22 04:08:28.99,01:32:55.70,+01:20:05.40,2456283.6725577544,2456283.675382109,RR Cet,2456283.675382109,2456576.672002036,0.55305291,6.634404432869558e-06,0.2195492882747203,-292.99661992723117,-529.7804507117253,56283.67538210889,0.2195492882747203,RR_Cet_05.fits,,,,,,,,,,,,,,,,,,,,,,,,,,,,,,,,,,0.0035147777706495023
33,75.0,RR_Cet_06.fits,2012-12-22 05:26:39.18,01:33:00.80,+01:20:11.60,2456283.726842361,2456283.72966346,RR Cet,2456283.72966346,2456576.672002036,0.55305291,6.634404432869558e-06,0.3176978562960357,-292.9423385760747,-529.682302143704,56283.72966346005,0.3176978562960357,RR_Cet_06.fits,,,,,,,,,,,,,,,,,,,,,,,,,,,,,,,,,,0.003514126613354742
34,80.0,RR_Cet_07.fits,2012-12-24 03:44:32.77,01:32:54.40,+01:19:59.70,2456285.655934838,2456285.658572581,RR Cet,2456285.658572581,2456576.672002036,0.55305291,6.634404432869558e-06,0.8054457484122395,-291.01342945499346,-526.1945542515879,56285.65857258113,0.8054457484122395,RR_Cet_07.fits,,,,,,,,,,,,,,,,,,,,,,,,,,,,,,,,,,0.0034909874832785557
35,36.0,RR_Cet_08.fits,2012-12-24 04:43:04.90,01:32:56.70,+01:20:04.10,2456285.69658449,2456285.699219231,RR Cet,2456285.699219231,2456576.672002036,0.55305291,6.634404432869558e-06,0.8789407959243363,-290.97278280509636,-526.1210592040757,56285.69921923103,0.8789407959243363,RR_Cet_08.fits,,,,,,,,,,,,,,,,,,,,,,,,,,,,,,,,,,0.0034904998874095467
36,63.0,RR_Cet_09.fits,2012-12-27 01:30:30.61,01:32:51.00,+01:20:08.50,2456288.5628542826,2456288.5652141217,RR Cet,2456288.5652141217,2456576.672002036,0.55305291,6.634404432869558e-06,0.061075884384649726,-288.10678791441023,-520.9389241156154,56288.565214121714,0.061075884384649726,RR_Cet_09.fits,,,,,,,,,,,,,,,,,,,,,,,,,,,,,,,,,,0.0034561195074069365
37,69.0,RU_Psc_11.fits,2013-07-25 09:34:19.36,01:15:15.40,+24:24:15.90,2456498.898835185,2456498.9001697702,RU Psc,2456498.9001697702,2456602.7204287453,,7.008262170222624e-06,,-103.82025897502899,,56498.90016977023,,RU_Psc_11.fits,31.0,RU_Psc_11.fits,56498.398835185195,56498.8994154685,56498.9001866993,213.22344079240003,RU_Psc_W.cur,0.390311023265007,0.390385,“Picked West because it was less scattered than East”,56498.9001866993,31.0,RU_Psc,RU_Psc_W.cur_31,0.390311023265007,14.578,14.202,0.376,14.384,14.404000000000002,2455539.22218,2455539.4323779996,1.0,Median,3.0,100.0,None,2456498.9001867,0.75199292,0.75199292,-959.6780066992578,-2458.7519939135086,0.01723157858490349,
38,62.0,RU_Psc_12.fits,2013-07-25 09:52:26.48,01:15:15.20,+24:24:15.90,2456498.911417593,2456498.9127534376,RU Psc,2456498.9127534376,2456602.7204287453,,7.008262170222624e-06,,-103.80767530761659,,56498.912753437646,,RU_Psc_12.fits,30.0,RU_Psc_12.fits,56498.4114175926,56498.911999064105,56498.912770295305,213.23602438830002,RU_Psc_W.cur,0.390311023265007,0.390385,“Picked West because it was less scattered than East”,56498.912770295305,30.0,RU_Psc,RU_Psc_W.cur_30,0.390311023265007,14.578,14.202,0.376,14.384,14.404000000000002,2455539.22218,2455539.4323779996,1.0,Median,3.0,100.0,None,2456498.9127702955,0.78423284,0.78423284,-959.690590295264,-2458.784233833101,0.017231804530712342,
39,38.0,RU_Psc_13.fits,2013-07-25 10:39:59.68,01:15:14.10,+24:24:14.20,2456498.944440741,2456498.94578011,RU Psc,2456498.94578011,2456602.7204287453,,7.008262170222624e-06,,-103.77464863518252,,56498.94578011008,,RU_Psc_13.fits,27.0,RU_Psc_13.fits,56498.444440740706,56498.9450253255,56498.945796557804,213.2690506508,RU_Psc_W.cur,0.390311023265007,0.390385,“Picked West because it was less scattered than East”,56498.945796557804,27.0,RU_Psc,RU_Psc_W.cur_27,0.390311023265007,14.578,14.202,0.376,14.384,14.404000000000002,2455539.22218,2455539.4323779996,1.0,Median,3.0,100.0,None,2456498.9457965577,0.86884809,0.86884809,-959.7236165577633,-2458.868849077178,0.017232397536526427,
40,16.0,RU_Psc_14.fits,2013-07-25 10:58:13.10,01:15:14.30,+24:24:16.30,2456498.957096065,2456498.958436532,RU Psc,2456498.958436532,2456602.7204287453,,7.008262170222624e-06,,-103.76199221331628,,56498.958436531946,,RU_Psc_14.fits,22.0,RU_Psc_14.fits,56498.457096064805,56498.9576818406,56498.9584530733,213.2817071663,RU_Psc_W.cur,0.390311023265007,0.390385,“Picked West because it was less scattered than East”,56498.9584530733,22.0,RU_Psc,RU_Psc_W.cur_22,0.390311023265007,14.578,14.202,0.376,14.384,14.404000000000002,2455539.22218,2455539.4323779996,1.0,Median,3.0,100.0,None,2456498.958453073,0.90127483,0.90127483,-959.7362730732566,-2458.901275820823,0.01723262479164722,
41,12.0,RU_Psc_15.fits,2013-07-26 09:16:07.24,01:15:15.70,+24:24:41.0,2456499.886194908,2456499.887621676,RU Psc,2456499.887621676,2456602.7204287453,,7.008262170222624e-06,,-102.8328070691787,,56499.887621676084,,RU_Psc_15.fits,21.0,RU_Psc_15.fits,56499.386194907405,56499.8868676754,56499.887638938206,214.2108930313,RU_Psc_W.cur,0.390311023265007,0.390385,“Picked West because it was less scattered than East”,56499.887638938206,21.0,RU_Psc,RU_Psc_W.cur_21,0.390311023265007,14.578,14.202,0.376,14.384,14.404000000000002,2455539.22218,2455539.4323779996,1.0,Median,3.0,100.0,None,2456499.8876389386,0.28190415,0.28190415,-960.6654589381651,-2461.2819051382726,0.017249308866034024,
42,110.0,RU_Psc_16.fits,2013-07-26 09:35:26.65,01:15:14.20,+24:24:42.30,2456499.8996140044,2456499.9010425517,RU Psc,2456499.9010425517,2456602.7204287453,,7.008262170222624e-06,,-102.81938619352877,,56499.90104255173,,RU_Psc_16.fits,41.0,RU_Psc_16.fits,56499.3996140046,56499.9002880384,56499.9010593016,214.2243133947,RU_Psc_W.cur,0.390311023265007,0.390385,“Picked West because it was less scattered than East”,56499.9010593016,41.0,RU_Psc,RU_Psc_W.cur_41,0.390311023265007,14.578,14.202,0.376,14.384,14.404000000000002,2455539.22218,2455539.4323779996,1.0,Median,3.0,100.0,None,2456499.9010593016,0.31628791,0.31628791,-960.6788793015585,-2461.3162889055593,0.01724954983648957,
43,102.0,RU_Psc_17.fits,2013-07-26 09:53:30.55,01:15:14.00,+24:24:42.30,2456499.912159144,2456499.913588945,RU Psc,2456499.913588945,2456602.7204287453,,7.008262170222624e-06,,-102.80683980043976,,56499.91358894482,,RU_Psc_17.fits,40.0,RU_Psc_17.fits,56499.412159143496,56499.9128343595,56499.9136056232,214.2368597162,RU_Psc_W.cur,0.390311023265007,0.390385,“Picked West because it was less scattered than East”,56499.9136056232,40.0,RU_Psc,RU_Psc_W.cur_40,0.390311023265007,14.578,14.202,0.376,14.384,14.404000000000002,2455539.22218,2455539.4323779996,1.0,Median,3.0,100.0,None,2456499.913605623,0.34843234,0.34843234,-960.6914256231612,-2461.348433325919,0.01724977511301476,
44,25.0,RU_Psc_18.fits,2013-07-26 10:11:37.48,01:15:14.40,+24:24:42.30,2456499.924739352,2456499.9261701982,RU Psc,2456499.9261701982,2456602.7204287453,,7.008262170222624e-06,,-102.79425854701547,,56499.92617019825,,RU_Psc_18.fits,26.0,RU_Psc_18.fits,56499.4247393519,56499.9254157523,56499.9261870164,214.24944110939998,RU_Psc_W.cur,0.390311023265007,0.390385,“Picked West because it was less scattered than East”,56499.9261870164,26.0,RU_Psc,RU_Psc_W.cur_26,0.390311023265007,14.578,14.202,0.376,14.384,14.404000000000002,2455539.22218,2455539.4323779996,1.0,Median,3.0,100.0,None,2456499.926187016,0.38066661,0.38066661,-960.7040070163566,-2461.3806676017794,0.017250001019270857,
45,5.0,RU_Psc_19.fits,2013-07-26 10:30:45.35,01:15:13.20,+24:24:42.30,2456499.938024884,2456499.939457403,RU Psc,2456499.939457403,2456602.7204287453,,7.008262170222624e-06,,-102.78097134223208,,56499.93945740303,,RU_Psc_19.fits,18.0,RU_Psc_19.fits,56499.43802488429,56499.938702534404,56499.9394737989,214.2627278919,RU_Psc_W.cur,0.390311023265007,0.390385,“Picked West because it was less scattered than East”,56499.9394737989,18.0,RU_Psc,RU_Psc_W.cur_18,0.390311023265007,14.578,14.202,0.376,14.384,14.404000000000002,2455539.22218,2455539.4323779996,1.0,Median,3.0,100.0,None,2456499.939473799,0.41470814,0.41470814,-960.717293798858,-2461.414709126895,0.01725023959120354,
46,122.0,RU_Psc_20.fits,2013-07-26 10:48:50.86,01:15:14.00,+24:24:42.70,2456499.950588657,2456499.9520220733,RU Psc,2456499.9520220733,2456602.7204287453,,7.008262170222624e-06,,-102.76840667193756,,56499.952022073325,,RU_Psc_20.fits,43.0,RU_Psc_20.fits,56499.450588657404,56499.9512674881,56499.952038753,214.2752928461,RU_Psc_W.cur,0.390311023265007,0.390385,“Picked West because it was less scattered than East”,56499.952038753,43.0,RU_Psc,RU_Psc_W.cur_43,0.390311023265007,14.578,14.202,0.376,14.384,14.404000000000002,2455539.22218,2455539.4323779996,1.0,Median,3.0,100.0,None,2456499.9520387533,0.44690029,0.44690029,-960.7298587529585,-2461.4469012848194,0.0172504652022861,
47,92.0,RU_Psc_21.fits,2013-07-26 11:06:55.38,01:15:13.80,+24:24:43.60,2456499.9631409724,2456499.964575627,RU Psc,2456499.964575627,2456602.7204287453,,7.008262170222624e-06,,-102.75585311837494,,56499.96457562689,,RU_Psc_21.fits,38.0,RU_Psc_21.fits,56499.4631409722,56499.9638209813,56499.9645922466,214.28784633959998,RU_Psc_W.cur,0.390311023265007,0.390385,“Picked West because it was less scattered than East”,56499.9645922466,38.0,RU_Psc,RU_Psc_W.cur_38,0.390311023265007,14.578,14.202,0.376,14.384,14.404000000000002,2455539.22218,2455539.4323779996,1.0,Median,3.0,100.0,None,2456499.9645922463,0.47906309,0.47906309,-960.74241224656,-2461.479064080265,0.01725069060758871,
48,20.0,RU_Psc_22.fits,2013-07-26 11:25:38.24,01:15:13.70,+24:24:44.90,2456499.976137037,2456499.977572931,RU Psc,2456499.977572931,2456602.7204287453,,7.008262170222624e-06,,-102.74285581428559,,56499.97757293098,,RU_Psc_22.fits,23.0,RU_Psc_22.fits,56499.476137037,56499.976818264804,56499.9775895305,214.3008436235,RU_Psc_W.cur,0.390311023265007,0.390385,“Picked West because it was less scattered than East”,56499.9775895305,23.0,RU_Psc,RU_Psc_W.cur_23,0.390311023265007,14.578,14.202,0.376,14.384,14.404000000000002,2455539.22218,2455539.4323779996,1.0,Median,3.0,100.0,None,2456499.9775895304,0.5123629,0.5123629,-960.7554095304586,-2461.5123638927835,0.01725092398140506,
49,115.0,RW_Ari_01.fits,2012-12-27 02:09:44.74,02:16:47.10,+17:30:57.10,2456288.5901011573,2456288.593887832,RW Ari,2456288.593887832,2456313.5553936977,0.35443437,1.5980600098411443e-05,0.5736870392163382,-24.96150586567819,-70.42631296078365,56288.593887832016,0.5736870392163382,RW_Ari_01.fits,,,,,,,,,,,,,,,,,,,,,,,,,,,,,,,,,,0.0011254547438318543
50,1.0,RW_Ari_02.fits,2012-12-27 03:07:05.85,02:16:48.20,+17:30:31.60,2456288.62992882,2456288.6337122745,RW Ari,2456288.6337122745,2456313.5553936977,0.35443437,1.5980600098411443e-05,0.6860475940697199,-24.921681423205882,-70.31395240593028,56288.63371227449,0.6860475940697199,RW_Ari_02.fits,,,,,,,,,,,,,,,,,,,,,,,,,,,,,,,,,,0.001123659154737907
51,30.0,RW_Ari_03.fits,2012-12-27 04:04:11.28,02:16:49.40,+17:30:52.70,2456288.669575,2456288.673355586,RW Ari,2456288.673355586,2456313.5553936977,0.35443437,1.5980600098411443e-05,0.7978971063148776,-24.88203811179846,-70.20210289368512,56288.673355585895,0.7978971063148776,RW_Ari_03.fits,,,,,,,,,,,,,,,,,,,,,,,,,,,,,,,,,,0.0011218717324115147
52,42.0,RW_Ari_04.fits,2012-12-28 02:01:29.47,02:16:46.80,+17:30:55.40,2456289.584368866,2456289.58807013,RW Ari,2456289.58807013,2456313.5553936977,0.35443437,1.5980600098411443e-05,0.3786698007919824,-23.967323567718267,-67.62133019920802,56289.588070129976,0.3786698007919824,RW_Ari_04.fits,,,,,,,,,,,,,,,,,,,,,,,,,,,,,,,,,,0.0010806294360361764
53,58.0,RW_Ari_05.fits,2012-12-28 03:15:11.67,02:16:48.10,+17:30:55.40,2456289.6355517358,2456289.6392490054,RW Ari,2456289.6392490054,2456313.5553936977,0.35443437,1.5980600098411443e-05,0.5230657164004668,-23.916144692339007,-67.47693428359953,56289.639249005355,0.5230657164004668,RW_Ari_05.fits,,,,,,,,,,,,,,,,,,,,,,,,,,,,,,,,,,0.001078321902652993
54,93.0,SV_Eri_01.fits,2012-12-24 05:38:07.50,03:12:39.40,-11:22:55.0,2456285.734809028,2456285.738759691,SV Eri,2456285.738759691,2456580.0381616037,0.7138098,5.98917050087646e-06,0.7061341657504272,-294.29940191237256,-412.29386583424963,56285.738759690896,0.7061341657504272,SV_Eri_01.fits,,,,,,,,,,,,,,,,,,,,,,,,,,,,,,,,,,0.002469298258946805
55,21.0,SV_Eri_02.fits,2012-12-25 03:51:13.02,03:12:34.20,-11:22:43.60,2456286.660567361,2456286.664452649,SV Eri,2456286.664452649,2456580.0381616037,0.7138098,5.98917050087646e-06,0.002968362046999573,-293.37370895408094,-410.99703163795306,56286.66445264919,0.002968362046999573,SV_Eri_02.fits,,,,,,,,,,,,,,,,,,,,,,,,,,,,,,,,,,0.002461531297833818
56,7.0,SV_Eri_03.fits,2012-12-27 02:45:25.38,03:12:34.70,-11:22:34.0,2456288.6148770843,2456288.618624422,SV Eri,2456288.618624422,2456580.0381616037,0.7138098,5.98917050087646e-06,0.7406328947847101,-291.41953718150035,-408.2593671052153,56288.61862442177,0.7406328947847101,SV_Eri_03.fits,,,,,,,,,,,,,,,,,,,,,,,,,,,,,,,,,,0.002445134958173049
57,84.0,SV_Eri_06.fits,2012-12-28 03:49:38.71,03:12:34.90,-11:22:38.80,2456289.6594758104,2456289.6631478155,SV Eri,2456289.6631478155,2456580.0381616037,0.7138098,5.98917050087646e-06,0.20394061868438484,-290.37501378776506,-406.7960593813156,56289.6631478155,0.20394061868438484,SV_Eri_06.fits,,,,,,,,,,,,,,,,,,,,,,,,,,,,,,,,,,0.002436370958719364
58,28.0,TT_Lyn_01.fits,2012-12-23 07:48:05.21,09:03:54.00,+44:26:19.80,2456284.825060301,2456284.830085214,TT Lyn,2456284.830085214,2456606.768747597,0.59743006875,2.7978248385347296e-06,0.127453701209447,-321.93866238277406,-538.8725462987906,56284.83008521423,0.127453701209447,TT_Lyn_01.fits,2.0,TT_Lyn_01.fits,56284.3250603009,56284.82932019231,56284.8300912478,0.0,TT_Lyn_E.cur,0.597432003213225,0.597434355,“Picked East just because they look nearly the same”,56284.8300912478,2.0,TT_Lyn,TT_Lyn_E.cur_2,0.597432003213225,14.419,13.834000000000001,0.585,14.161,14.193,2456507.04429,2456506.931262,1.0,Median,3.0,100.0,None,2456284.8300912483,0.05106303,0.05106303,222.2141987523064,371.9489373805735,0.0010406479756699674,0.0015076709948392123
59,97.0,TT_Lyn_02.fits,2012-12-23 08:01:35.64,09:03:53.80,+44:26:29.90,2456284.8344402784,2456284.839465646,TT Lyn,2456284.839465646,2456606.768747597,0.59743006875,2.7978248385347296e-06,0.14315500641055226,-321.92928195092827,-538.8568449935894,56284.83946564607,0.14315500641055226,TT_Lyn_02.fits,16.0,TT_Lyn_02.fits,56284.3344402778,56284.8387006333,56284.8394716886,0.0093804409,TT_Lyn_E.cur,0.597432003213225,0.597434355,“Picked East just because they look nearly the same”,56284.8394716886,16.0,TT_Lyn,TT_Lyn_E.cur_16,0.597432003213225,14.419,13.834000000000001,0.585,14.161,14.193,2456507.04429,2456506.931262,1.0,Median,3.0,100.0,None,2456284.839471689,0.06676429,0.06676429,222.2048183115039,371.9332361112206,0.0010406040462685752,0.0015076270653375233
60,76.0,TT_Lyn_04.fits,2012-12-23 10:28:56.26,09:03:55.30,+44:25:50.40,2456284.9367622687,2456284.941792603,TT Lyn,2456284.941792603,2456606.768747597,0.59743006875,2.7978248385347296e-06,0.3144335583209568,-321.826954993885,-538.685566441679,56284.94179260312,0.3144335583209568,TT_Lyn_04.fits,11.0,TT_Lyn_04.fits,56284.436762268495,56284.94102764809,56284.941798700995,0.1117074532,TT_Lyn_E.cur,0.597432003213225,0.597434355,“Picked East just because they look nearly the same”,56284.941798700995,11.0,TT_Lyn,TT_Lyn_E.cur_11,0.597432003213225,14.419,13.834000000000001,0.585,14.161,14.193,2456507.04429,2456506.931262,1.0,Median,3.0,100.0,None,2456284.941798701,0.23804238,0.23804238,222.10249129911244,371.7619580212604,0.0010401248401741877,0.00150714785795068
61,78.0,TT_Lyn_05.fits,2012-12-23 10:39:55.90,09:03:55.60,+44:25:50.80,2456284.944396991,2456284.949427641,TT Lyn,2456284.949427641,2456606.768747597,0.59743006875,2.7978248385347296e-06,0.32721336014174085,-321.8193199560046,-538.6727866398584,56284.949427641,0.32721336014174085,TT_Lyn_05.fits,12.0,TT_Lyn_05.fits,56284.4443969907,56284.948662742194,56284.949433794805,0.11934254710000002,TT_Lyn_E.cur,0.597432003213225,0.597434355,“Picked East just because they look nearly the same”,56284.949433794805,12.0,TT_Lyn,TT_Lyn_E.cur_12,0.597432003213225,14.419,13.834000000000001,0.585,14.161,14.193,2456507.04429,2456506.931262,1.0,Median,3.0,100.0,None,2456284.9494337947,0.25082224,0.25082224,222.09485620530177,371.74917816720233,0.0010400890843810713,0.0015071121023037147
62,44.0,TT_Lyn_06.fits,2012-12-24 10:42:02.60,09:03:56.70,+44:26:14.10,2456285.9458634257,2456285.950942328,TT Lyn,2456285.950942328,2456606.768747597,0.59743006875,2.7978248385347296e-06,0.003584770938573456,-320.81780526880175,-536.9964152290613,56285.9509423282,0.003584770938573456,TT_Lyn_06.fits,3.0,TT_Lyn_06.fits,56285.4458634259,56285.9501774586,56285.950948487196,1.1208572395,TT_Lyn_E.cur,0.597432003213225,0.597434355,“Picked East just because they look nearly the same”,56285.950948487196,3.0,TT_Lyn,TT_Lyn_E.cur_3,0.597432003213225,14.419,13.834000000000001,0.585,14.161,14.193,2456507.04429,2456506.931262,1.0,Median,3.0,100.0,None,2456285.950948487,0.92718823,0.92718823,221.09334151291114,370.0728121757521,0.001035398905971717,0.0015024219087319771
63,71.0,TT_Lyn_08.fits,2012-12-27 07:38:01.68,09:03:54.30,+44:25:57.0,2456288.818075,2456288.8232862214,TT Lyn,2456288.8232862214,2456606.768747597,0.59743006875,2.7978248385347296e-06,0.8114175925651352,-317.9454613756388,-532.1885824074349,56288.82328622136,0.8114175925651352,TT_Lyn_08.fits,9.0,TT_Lyn_08.fits,56288.318075,56288.822519992405,56288.8232909522,3.9931997045,TT_Lyn_E.cur,0.597432003213225,0.597434355,“Picked East just because they look nearly the same”,56288.8232909522,9.0,TT_Lyn,TT_Lyn_E.cur_9,0.597432003213225,14.419,13.834000000000001,0.585,14.161,14.193,2456507.04429,2456506.931262,1.0,Median,3.0,100.0,None,2456288.823290952,0.73500309,0.73500309,218.22099904790957,365.2649973122145,0.001021947482127435,0.001488970434644108
64,85.0,TT_Lyn_09.fits,2012-12-27 09:23:36.66,09:03:54.10,+44:25:47.30,2456288.891396528,2456288.896611077,TT Lyn,2456288.896611077,2456606.768747597,0.59743006875,2.7978248385347296e-06,0.9341513805890144,-317.87213652022183,-532.065848619411,56288.89661107678,0.9341513805890144,TT_Lyn_09.fits,14.0,TT_Lyn_09.fits,56288.391396527804,56288.895844735496,56288.8966156935,4.0665244457,TT_Lyn_E.cur,0.597432003213225,0.597434355,“Picked East just because they look nearly the same”,56288.8966156935,14.0,TT_Lyn,TT_Lyn_E.cur_14,0.597432003213225,14.419,13.834000000000001,0.585,14.161,14.193,2456507.04429,2456506.931262,1.0,Median,3.0,100.0,None,2456288.8966156933,0.85773629,0.85773629,218.14767430660868,365.1422641126094,0.001021604096133067,0.0014886270470034473
65,47.0,TT_Lyn_10.fits,2012-12-28 09:14:45.00,09:03:54.70,+44:26:22.90,2456289.8852430554,2456289.8905001674,TT Lyn,2456289.8905001674,2456606.768747597,0.59743006875,2.7978248385347296e-06,0.5977587927244485,-316.87824742961675,-530.4022412072757,56289.890500167385,0.5977587927244485,TT_Lyn_10.fits,4.0,TT_Lyn_10.fits,56289.38524305559,56289.8897338517,56289.890504785995,5.0604135382,TT_Lyn_E.cur,0.597432003213225,0.597434355,“Picked East just because they look nearly the same”,56289.890504785995,4.0,TT_Lyn,TT_Lyn_E.cur_4,0.597432003213225,14.419,13.834000000000001,0.585,14.161,14.193,2456507.04429,2456506.931262,1.0,Median,3.0,100.0,None,2456289.890504786,0.52133832,0.52133832,217.15378521411185,363.47866208400814,0.0010169496290560096,0.0014839725648642047
66,90.0,TU_UMa_02.fits,2012-12-23 11:00:30.12,11:30:26.80,+29:54:33.50,2456284.9586819443,2456284.961326395,TU UMa,2456284.961326395,2456679.732558084,0.55765563305,1.4899991772622306e-05,0.08778986075606099,-394.77123168902466,-707.9122101392439,56284.96132639516,0.08778986075606099,TU_UMa_02.fits,,,,,,,,,,,,,,,,,,,,,,,,,,,,,,,,,,0.010547886106813608
67,67.0,TU_UMa_03.fits,2012-12-23 11:11:31.88,11:30:27.20,+29:54:33.90,2456284.9663412035,2456284.9689861867,TU UMa,2456284.9689861867,2456679.732558084,0.55765563305,1.4899991772622306e-05,0.10152556259265566,-394.7635718975216,-707.8984744374072,56284.968986186665,0.10152556259265566,TU_UMa_03.fits,,,,,,,,,,,,,,,,,,,,,,,,,,,,,,,,,,0.010547681444969249
68,112.0,TU_UMa_04.fits,2012-12-23 11:22:37.61,11:30:27.00,+29:54:33.90,2456284.974046412,2456284.9766921215,TU UMa,2456284.9766921215,2456679.732558084,0.55765563305,1.4899991772622306e-05,0.11534400959601497,-394.7558659627103,-707.8846559904041,56284.976692121476,0.11534400959601497,TU_UMa_04.fits,,,,,,,,,,,,,,,,,,,,,,,,,,,,,,,,,,0.010547475550222592
69,15.0,TU_UMa_06.fits,2012-12-24 12:06:15.79,11:30:26.70,+29:54:30.80,2456286.004349421,2456286.0070831086,TU UMa,2456286.0070831086,2456679.732558084,0.55765563305,1.4899991772622306e-05,0.9630631504162466,-393.7254749755375,-706.0369368495838,56286.00708310865,0.9630631504162466,TU_UMa_06.fits,,,,,,,,,,,,,,,,,,,,,,,,,,,,,,,,,,0.010519944550226252
70,13.0,TU_UMa_07.fits,2012-12-24 12:50:19.08,11:30:28.10,+29:54:04.90,2456286.034943056,2456286.037678705,TU UMa,2456286.037678705,2456679.732558084,0.55765563305,1.4899991772622306e-05,0.01792782782786162,-393.69487937912345,-705.9820721721721,56286.03767870506,0.01792782782786162,TU_UMa_07.fits,,,,,,,,,,,,,,,,,,,,,,,,,,,,,,,,,,0.010519127066984211
71,119.0,TV_Lyn_01.fits,2012-12-24 07:19:19.57,07:34:23.50,+47:40:11.70,2456285.8050876157,2456285.8108086605,TV Lyn,2456285.8108086605,2456624.804213365,0.2406503613,3.3692460144678338e-06,0.3447090901509,-338.99340470461175,-1408.6552909098489,56285.81080866046,0.3447090901509,TV_Lyn_01.fits,19.0,TV_Lyn_01.fits,56285.3050876158,56285.8100410204,56285.810808409005,0.0,TV_Lyn_E.cur,0.24065179589923497,0.24065119,“Picked East just because they look nearly the same”,56285.810808409005,19.0,TV_Lyn,TV_Lyn_E.cur_19,0.24065179589923497,15.774000000000001,15.440999999999999,0.332,15.610999999999999,15.628,2456507.121316,2456507.266574,1.0,Median,3.0,100.0,None,2456285.810808409,0.37043055,0.37043055,221.31050759088248,919.6295700346611,0.0030984582636260495,0.004746106224657035
72,119.0,TV_Lyn_01.fits,2012-12-24 07:19:19.57,07:34:23.50,+47:40:11.70,2456285.8050876157,2456285.8108086605,TV Lyn,2456285.8108086605,2456311.673919395,0.2406503613,3.3692460144678338e-06,0.5282696651597405,-25.86311073461548,-107.47173033484026,56285.81080866046,0.5282696651597405,TV_Lyn_01.fits,19.0,TV_Lyn_01.fits,56285.3050876158,56285.8100410204,56285.810808409005,0.0,TV_Lyn_E.cur,0.24065179589923497,0.24065119,“Picked East just because they look nearly the same”,56285.810808409005,19.0,TV_Lyn,TV_Lyn_E.cur_19,0.24065179589923497,15.774000000000001,15.440999999999999,0.332,15.610999999999999,15.628,2456507.121316,2456507.266574,1.0,Median,3.0,100.0,None,2456285.810808409,0.37043055,0.37043055,221.31050759088248,919.6295700346611,0.0030984582636260495,0.00036209869909862235
73,23.0,TV_Lyn_03.fits,2012-12-24 08:18:29.07,07:34:23.80,+47:40:08.20,2456285.8461697917,2456285.8518917845,TV Lyn,2456285.8518917845,2456624.804213365,0.2406503613,3.3692460144678338e-06,0.5154261577615671,-338.95232158061117,-1408.4845738422384,56285.85189178446,0.5154261577615671,TV_Lyn_03.fits,4.0,TV_Lyn_03.fits,56285.3461697917,56285.851124124005,56285.851891511906,0.0410831029,TV_Lyn_E.cur,0.24065179589923497,0.24065119,“Picked East just because they look nearly the same”,56285.851891511906,4.0,TV_Lyn,TV_Lyn_E.cur_4,0.24065179589923497,15.774000000000001,15.440999999999999,0.332,15.610999999999999,15.628,2456507.121316,2456507.266574,1.0,Median,3.0,100.0,None,2456285.851891512,0.54114651,0.54114651,221.26942448798218,919.458854072427,0.0030978830795506864,0.004745531036857387
74,23.0,TV_Lyn_03.fits,2012-12-24 08:18:29.07,07:34:23.80,+47:40:08.20,2456285.8461697917,2456285.8518917845,TV Lyn,2456285.8518917845,2456311.673919395,0.2406503613,3.3692460144678338e-06,0.6989867327703934,-25.822027610614896,-107.30101326722959,56285.85189178446,0.6989867327703934,TV_Lyn_03.fits,4.0,TV_Lyn_03.fits,56285.3461697917,56285.851124124005,56285.851891511906,0.0410831029,TV_Lyn_E.cur,0.24065179589923497,0.24065119,“Picked East just because they look nearly the same”,56285.851891511906,4.0,TV_Lyn,TV_Lyn_E.cur_4,0.24065179589923497,15.774000000000001,15.440999999999999,0.332,15.610999999999999,15.628,2456507.121316,2456507.266574,1.0,Median,3.0,100.0,None,2456285.851891512,0.54114651,0.54114651,221.26942448798218,919.458854072427,0.0030978830795506864,0.00036152351129897347
75,48.0,TV_Lyn_04.fits,2012-12-24 08:55:52.54,07:34:25.00,+47:40:08.20,2456285.8721358795,2456285.8778583533,TV Lyn,2456285.8778583533,2456624.804213365,0.2406503613,3.3692460144678338e-06,0.6233277985891164,-338.9263550117612,-1408.3766722014109,56285.87785835331,0.6233277985891164,TV_Lyn_04.fits,7.0,TV_Lyn_04.fits,56285.3721358796,56285.877090792004,56285.877858179505,0.0670497706,TV_Lyn_E.cur,0.24065179589923497,0.24065119,“Picked East just because they look nearly the same”,56285.877858179505,7.0,TV_Lyn,TV_Lyn_E.cur_7,0.24065179589923497,15.774000000000001,15.440999999999999,0.332,15.610999999999999,15.628,2456507.121316,2456507.266574,1.0,Median,3.0,100.0,None,2456285.8778581796,0.64904792,0.64904792,221.2434578203829,919.3509526644934,0.0030975195331620505,0.004745167489684074
76,48.0,TV_Lyn_04.fits,2012-12-24 08:55:52.54,07:34:25.00,+47:40:08.20,2456285.8721358795,2456285.8778583533,TV Lyn,2456285.8778583533,2456311.673919395,0.2406503613,3.3692460144678338e-06,0.8068883735978147,-25.79606104176491,-107.1931116264022,56285.87785835331,0.8068883735978147,TV_Lyn_04.fits,7.0,TV_Lyn_04.fits,56285.3721358796,56285.877090792004,56285.877858179505,0.0670497706,TV_Lyn_E.cur,0.24065179589923497,0.24065119,“Picked East just because they look nearly the same”,56285.877858179505,7.0,TV_Lyn,TV_Lyn_E.cur_7,0.24065179589923497,15.774000000000001,15.440999999999999,0.332,15.610999999999999,15.628,2456507.121316,2456507.266574,1.0,Median,3.0,100.0,None,2456285.8778581796,0.64904792,0.64904792,221.2434578203829,919.3509526644934,0.0030975195331620505,0.0003611599641256612
77,53.0,TV_Lyn_05.fits,2012-12-24 09:32:10.21,07:34:26.00,+47:40:09.10,2456285.8973403936,2456285.9030633355,TV Lyn,2456285.9030633355,2456624.804213365,0.2406503613,3.3692460144678338e-06,0.7280647373027023,-338.9011500296183,-1408.271935262697,56285.903063335456,0.7280647373027023,TV_Lyn_05.fits,8.0,TV_Lyn_05.fits,56285.397340393494,56285.902295864405,56285.903063251506,0.0922548425,TV_Lyn_E.cur,0.24065179589923497,0.24065119,“Picked East just because they look nearly the same”,56285.903063251506,8.0,TV_Lyn,TV_Lyn_E.cur_8,0.24065179589923497,15.774000000000001,15.440999999999999,0.332,15.610999999999999,15.628,2456507.121316,2456507.266574,1.0,Median,3.0,100.0,None,2456285.9030632516,0.75378461,0.75378461,221.21825274838193,919.2462159767542,0.0030971666494943166,0.004744814605170745
78,53.0,TV_Lyn_05.fits,2012-12-24 09:32:10.21,07:34:26.00,+47:40:09.10,2456285.8973403936,2456285.9030633355,TV Lyn,2456285.9030633355,2456311.673919395,0.2406503613,3.3692460144678338e-06,0.9116253123114576,-25.77085605962202,-107.08837468768854,56285.903063335456,0.9116253123114576,TV_Lyn_05.fits,8.0,TV_Lyn_05.fits,56285.397340393494,56285.902295864405,56285.903063251506,0.0922548425,TV_Lyn_E.cur,0.24065179589923497,0.24065119,“Picked East just because they look nearly the same”,56285.903063251506,8.0,TV_Lyn,TV_Lyn_E.cur_8,0.24065179589923497,15.774000000000001,15.440999999999999,0.332,15.610999999999999,15.628,2456507.121316,2456507.266574,1.0,Median,3.0,100.0,None,2456285.9030632516,0.75378461,0.75378461,221.21825274838193,919.2462159767542,0.0030971666494943166,0.00036080707961233267
79,82.0,TV_Lyn_07.fits,2012-12-28 06:21:01.40,07:34:23.60,+47:40:15.70,2456289.764599537,2456289.7703986457,TV Lyn,2456289.7703986457,2456311.673919395,0.2406503613,3.3692460144678338e-06,0.9819743835298168,-21.9035207494162,-91.01802561647018,56289.77039864566,0.9819743835298168,TV_Lyn_07.fits,14.0,TV_Lyn_07.fits,56289.264599537004,56289.7696299195,56289.7703972437,3.9595888347000003,TV_Lyn_E.cur,0.24065179589923497,0.24065119,“Picked East just because they look nearly the same”,56289.7703972437,14.0,TV_Lyn,TV_Lyn_E.cur_14,0.24065179589923497,15.774000000000001,15.440999999999999,0.332,15.610999999999999,15.628,2456507.121316,2456507.266574,1.0,Median,3.0,100.0,None,2456289.770397244,0.8240324,0.8240324,217.35091875618673,903.1759681826571,0.0030430220311625446,0.0003066621200530234
80,82.0,TV_Lyn_07.fits,2012-12-28 06:21:01.40,07:34:23.60,+47:40:15.70,2456289.764599537,2456289.7703986457,TV Lyn,2456289.7703986457,2456624.804213365,0.2406503613,3.3692460144678338e-06,0.7984138085209906,-335.0338147194125,-1392.2015861914788,56289.77039864566,0.7984138085209906,TV_Lyn_07.fits,14.0,TV_Lyn_07.fits,56289.264599537004,56289.7696299195,56289.7703972437,3.9595888347000003,TV_Lyn_E.cur,0.24065179589923497,0.24065119,“Picked East just because they look nearly the same”,56289.7703972437,14.0,TV_Lyn,TV_Lyn_E.cur_14,0.24065179589923497,15.774000000000001,15.440999999999999,0.332,15.610999999999999,15.628,2456507.121316,2456507.266574,1.0,Median,3.0,100.0,None,2456289.770397244,0.8240324,0.8240324,217.35091875618673,903.1759681826571,0.0030430220311625446,0.0046906696456114364
81,39.0,TV_Lyn_08.fits,2012-12-28 07:34:57.45,07:34:24.30,+47:40:18.80,2456289.8159427084,2456289.8217426008,TV Lyn,2456289.8217426008,2456311.673919395,0.2406503613,3.3692460144678338e-06,0.19532937216237656,-21.85217679431662,-90.80467062783762,56289.82174260076,0.19532937216237656,TV_Lyn_08.fits,6.0,TV_Lyn_08.fits,56289.3159427083,56289.820973942005,56289.8217412654,4.0109328564,TV_Lyn_E.cur,0.24065179589923497,0.24065119,“Picked East just because they look nearly the same”,56289.8217412654,6.0,TV_Lyn,TV_Lyn_E.cur_6,0.24065179589923497,15.774000000000001,15.440999999999999,0.332,15.610999999999999,15.628,2456507.121316,2456507.266574,1.0,Median,3.0,100.0,None,2456289.8217412652,0.03738639,0.03738639,217.2995747344903,902.9626141891639,0.003042303189070297,0.0003059432746079063
82,39.0,TV_Lyn_08.fits,2012-12-28 07:34:57.45,07:34:24.30,+47:40:18.80,2456289.8159427084,2456289.8217426008,TV Lyn,2456289.8217426008,2456624.804213365,0.2406503613,3.3692460144678338e-06,0.01176879715353607,-334.98247076431284,-1391.9882312028465,56289.82174260076,0.01176879715353607,TV_Lyn_08.fits,6.0,TV_Lyn_08.fits,56289.3159427083,56289.820973942005,56289.8217412654,4.0109328564,TV_Lyn_E.cur,0.24065179589923497,0.24065119,“Picked East just because they look nearly the same”,56289.8217412654,6.0,TV_Lyn,TV_Lyn_E.cur_6,0.24065179589923497,15.774000000000001,15.440999999999999,0.332,15.610999999999999,15.628,2456507.121316,2456507.266574,1.0,Median,3.0,100.0,None,2456289.8217412652,0.03738639,0.03738639,217.2995747344903,902.9626141891639,0.003042303189070297,0.00468995080016632
83,59.0,TV_Lyn_09.fits,2012-12-28 08:07:07.28,07:34:24.70,+47:40:13.0,2456289.838278704,2456289.8440790004,TV Lyn,2456289.8440790004,2456624.804213365,0.2406503613,3.3692460144678338e-06,0.1045856104244649,-334.9601343646645,-1391.8954143895755,56289.84407900041,0.1045856104244649,TV_Lyn_09.fits,10.0,TV_Lyn_09.fits,56289.338278703704,56289.843310301905,56289.8440776248,4.0332692158,TV_Lyn_E.cur,0.24065179589923497,0.24065119,“Picked East just because they look nearly the same”,56289.8440776248,10.0,TV_Lyn,TV_Lyn_E.cur_10,0.24065179589923497,15.774000000000001,15.440999999999999,0.332,15.610999999999999,15.628,2456507.121316,2456507.266574,1.0,Median,3.0,100.0,None,2456289.844077625,0.13020249,0.13020249,217.2772383750853,902.8697980964289,0.003041990468819771,0.004689638077488132
84,59.0,TV_Lyn_09.fits,2012-12-28 08:07:07.28,07:34:24.70,+47:40:13.0,2456289.838278704,2456289.8440790004,TV Lyn,2456289.8440790004,2456311.673919395,0.2406503613,3.3692460144678338e-06,0.2881461854332059,-21.829840394668285,-90.71185381456681,56289.84407900041,0.2881461854332059,TV_Lyn_09.fits,10.0,TV_Lyn_09.fits,56289.338278703704,56289.843310301905,56289.8440776248,4.0332692158,TV_Lyn_E.cur,0.24065179589923497,0.24065119,“Picked East just because they look nearly the same”,56289.8440776248,10.0,TV_Lyn,TV_Lyn_E.cur_10,0.24065179589923497,15.774000000000001,15.440999999999999,0.332,15.610999999999999,15.628,2456507.121316,2456507.266574,1.0,Median,3.0,100.0,None,2456289.844077625,0.13020249,0.13020249,217.2772383750853,902.8697980964289,0.003041990468819771,0.000305630551929718
85,35.0,TW_Lyn_01.fits,2012-12-22 07:05:09.26,07:45:56.90,+42:58:52.30,2456283.7952460647,2456283.800988761,TW Lyn,2456283.800988761,2456606.875754271,0.48186069600000003,2.0432426949193046e-06,0.5266283548648971,-323.07476551039144,-670.4733716451351,56283.80098876078,0.5266283548648971,TW_Lyn_01.fits,3.0,TW_Lyn_01.fits,56283.2952460648,56283.800223553,56283.8009912595,0.0,TW_Lyn_E.cur,0.48186120202796795,0.48186,,56283.8009912595,3.0,TW_Lyn,TW_Lyn_E.cur_3,0.48186120202796795,16.486,15.687999999999999,0.7979999999999999,16.171,16.223,2454992.680594,2454992.596184,1.0,Median,3.0,100.0,None,2456283.8009912595,0.44460257,0.44460257,-1291.1203972594667,-2679.4446031878865,0.005474755611904604,0.0013699398187518384
86,88.0,TW_Lyn_02.fits,2012-12-22 08:01:00.62,07:45:57.50,+42:59:05.10,2456283.8340349537,2456283.8397787157,TW Lyn,2456283.8397787157,2456606.875754271,0.48186069600000003,2.0432426949193046e-06,0.6071287054637651,-323.03597555542365,-670.3928712945362,56283.839778715745,0.6071287054637651,TW_Lyn_02.fits,9.0,TW_Lyn_02.fits,56283.3340349537,56283.8390136642,56283.83978137,0.038790110499999995,TW_Lyn_E.cur,0.48186120202796795,0.48186,,56283.83978137,9.0,TW_Lyn,TW_Lyn_E.cur_9,0.48186120202796795,16.486,15.687999999999999,0.7979999999999999,16.171,16.223,2454992.680594,2454992.596184,1.0,Median,3.0,100.0,None,2456283.83978137,0.52510316,0.52510316,-1291.1591873699654,-2679.525103776719,0.005474920094144672,0.0013697753369985388
87,70.0,TW_Lyn_03.fits,2012-12-27 05:55:17.84,07:45:57.10,+42:58:51.90,2456288.746734259,2456288.7526141168,TW Lyn,2456288.7526141168,2456606.875754271,0.48186069600000003,2.0432426949193046e-06,0.8026799131040434,-318.12314015440637,-660.197320086896,56288.75261411676,0.8026799131040434,TW_Lyn_03.fits,6.0,TW_Lyn_03.fits,56288.24673425929,56288.7518474561,56288.752615071506,4.951623812,TW_Lyn_E.cur,0.48186120202796795,0.48186,,56288.752615071506,6.0,TW_Lyn,TW_Lyn_E.cur_6,0.48186120202796795,16.486,15.687999999999999,0.7979999999999999,16.171,16.223,2454992.680594,2454992.596184,1.0,Median,3.0,100.0,None,2456288.7526150714,0.72064014,0.72064014,-1296.0720210714717,-2689.720640750499,0.005495752050587129,0.0013489433514728521
88,105.0,TW_Lyn_05.fits,2012-12-27 07:03:25.95,07:45:56.30,+42:58:47.50,2456288.794050347,2456288.7999314643,TW Lyn,2456288.7999314643,2456606.875754271,0.48186069600000003,2.0432426949193046e-06,0.9008770640277816,-318.0758228069172,-660.0991229359722,56288.79993146425,0.9008770640277816,TW_Lyn_05.fits,11.0,TW_Lyn_05.fits,56288.2940503472,56288.799164676,56288.799932290596,4.998941031,TW_Lyn_E.cur,0.48186120202796795,0.48186,,56288.799932290596,11.0,TW_Lyn,TW_Lyn_E.cur_11,0.48186120202796795,16.486,15.687999999999999,0.7979999999999999,16.171,16.223,2454992.680594,2454992.596184,1.0,Median,3.0,100.0,None,2456288.7999322903,0.81883692,0.81883692,-1296.1193382905622,-2689.8188375318364,0.005495952690443261,0.0013487427108615651
89,17.0,TW_Lyn_06.fits,2012-12-27 07:58:55.55,07:45:56.30,+42:59:11.20,2456288.832587384,2456288.8384692282,TW Lyn,2456288.8384692282,2456606.875754271,0.48186069600000003,2.0432426949193046e-06,0.9808540455711636,-318.03728504292667,-660.0191459544288,56288.83846922824,0.9808540455711636,TW_Lyn_06.fits,2.0,TW_Lyn_06.fits,56288.3325873843,56288.837702622804,56288.8384702367,5.0374789772,TW_Lyn_E.cur,0.48186120202796795,0.48186,,56288.8384702367,2.0,TW_Lyn,TW_Lyn_E.cur_2,0.48186120202796795,16.486,15.687999999999999,0.7979999999999999,16.171,16.223,2454992.680594,2454992.596184,1.0,Median,3.0,100.0,None,2456288.838470237,0.89881419,0.89881419,-1296.1578762366626,-2689.898814807322,0.005496116103427156,0.001348579298478265
90,10.0,TW_Lyn_07.fits,2012-12-27 09:45:13.84,07:45:59.30,+42:59:04.20,2456288.906410185,2456288.9122935347,TW Lyn,2456288.9122935347,2456606.875754271,0.48186069600000003,2.0432426949193046e-06,0.1340607858119256,-317.96346073644236,-659.8659392141882,56288.912293534726,0.1340607858119256,TW_Lyn_07.fits,1.0,TW_Lyn_07.fits,56288.4064101852,56288.911527134806,56288.91229474731,5.1113034878,TW_Lyn_E.cur,0.48186120202796795,0.48186,,56288.91229474731,1.0,TW_Lyn,TW_Lyn_E.cur_1,0.48186120202796795,16.486,15.687999999999999,0.7979999999999999,16.171,16.223,2454992.680594,2454992.596184,1.0,Median,3.0,100.0,None,2456288.9122947473,0.0520212,0.0520212,-1296.2317007472739,-2690.0520218102943,0.00549642914251679,0.0013482662599254558
91,100.0,T_Sex__02.fits,2012-12-23 08:37:39.81,09:54:11.60,+01:54:59.40,2456284.8594885417,2456284.8632060685,T Sex,2456284.8632060685,2456275.8230192345,0.32474749999999997,5.7375063422116185e-06,0.8375871532680925,9.040186834055929,27.83758715326809,56284.86320606852,0.8375871532680925,T_Sex__02.fits,,,,,,,,,,,,,,,,,,,,,,,,,,,,,,,,,,0.00015971833284374434
92,114.0,T_Sex__03.fits,2012-12-23 09:41:33.54,09:54:10.90,+01:54:43.20,2456284.9038604167,2456284.907581758,T Sex,2456284.907581758,2456275.8230192345,0.32474749999999997,5.7375063422116185e-06,0.9742339009728341,9.084562523756176,27.974233900972834,56284.90758175822,0.9742339009728341,T_Sex__03.fits,,,,,,,,,,,,,,,,,,,,,,,,,,,,,,,,,,0.0001605023444253429
93,66.0,T_Sex__04.fits,2012-12-23 11:44:59.36,09:54:13.40,+01:55:03.80,2456284.9895759257,2456284.993303915,T Sex,2456284.993303915,2456275.8230192345,0.32474749999999997,5.7375063422116185e-06,0.2381994643731069,9.170284680556506,28.23819946437311,56284.99330391502,0.2381994643731069,T_Sex__04.fits,,,,,,,,,,,,,,,,,,,,,,,,,,,,,,,,,,0.00016201684851947746
94,41.0,T_Sex__06.fits,2012-12-24 12:29:42.66,09:54:16.40,+01:55:06.40,2456286.020632639,2456286.024446033,T Sex,2456286.024446033,2456275.8230192345,0.32474749999999997,5.7375063422116185e-06,0.41341133797109453,10.201426798477767,31.41341133797109,56286.02444603294,0.41341133797109453,T_Sex__06.fits,,,,,,,,,,,,,,,,,,,,,,,,,,,,,,,,,,0.0001802346467821115
95,113.0,UY_Cam_02.fits,2012-12-21 11:05:35.09,08:00:16.80,+72:37:56.80,2456282.96221169,2456282.966482345,UY Cam,2456282.966482345,2456575.7760999613,0.2670395,5.747261825419349e-06,0.4969822208465757,-292.8096176162362,-1096.5030177791534,56282.966482345015,0.4969822208465757,UY_Cam_02.fits,,,,,,,,,,,,,,,,,,,,,,,,,,,,,,,,,,0.006301889935539242
96,101.0,UY_Cam_03.fits,2012-12-21 11:42:17.23,08:00:20.00,+72:37:56.80,2456282.987699421,2456282.991970272,UY Cam,2456282.991970272,2456575.7760999613,0.2670395,5.747261825419349e-06,0.5924285004741705,-292.78412968944764,-1096.4075714995258,56282.9919702718,0.5924285004741705,UY_Cam_03.fits,,,,,,,,,,,,,,,,,,,,,,,,,,,,,,,,,,0.00630134138077996
97,95.0,VX_Her_01.fits,2013-07-22 04:28:45.77,16:31:22.80,+18:16:16.0,2456495.6866408563,2456495.689887156,VX Her,2456495.689887156,2456575.551875181,0.45535897,7.008262170222624e-06,0.6175143420326492,-79.86198802525178,-175.38248565796738,56495.68988715578,0.6175143420326492,VX_Her_01.fits,,,,,,,,,,,,,,,,,,,,,,,,,,,,,,,,,,0.0012291264395563448
98,6.0,VX_Her_03.fits,2013-07-24 04:11:55.02,16:31:22.30,+18:16:16.50,2456497.6749423607,2456497.678061088,VX Her,2456497.678061088,2456575.551875181,0.45535897,7.008262170222624e-06,0.9836827131152576,-77.87381409294903,-171.01631728688474,56497.67806108808,0.9836827131152576,VX_Her_03.fits,,,,,,,,,,,,,,,,,,,,,,,,,,,,,,,,,,0.0011985271869324637
99,54.0,VX_Her_04.fits,2013-07-24 04:28:19.24,16:31:22.30,+18:16:16.50,2456497.6863337965,2456497.689451782,VX Her,2456497.689451782,2456575.551875181,0.45535897,7.008262170222624e-06,0.008697470047337674,-77.86242339899762,-170.99130252995266,56497.68945178203,0.008697470047337674,VX_Her_04.fits,,,,,,,,,,,,,,,,,,,,,,,,,,,,,,,,,,0.0011983518769577593
100,49.0,VX_Her_05.fits,2013-07-24 04:47:10.18,16:31:23.90,+18:16:16.50,2456497.69942338,2456497.702541016,VX Her,2456497.702541016,2456575.551875181,0.45535897,7.008262170222624e-06,0.037442339198349835,-77.84933416498825,-170.96255766080162,56497.70254101604,0.037442339198349835,VX_Her_05.fits,,,,,,,,,,,,,,,,,,,,,,,,,,,,,,,,,,0.0011981504253787
101,73.0,VX_Her_07.fits,2013-07-24 05:26:34.94,16:31:25.40,+18:16:16.50,2456497.726793287,2456497.7299096067,VX Her,2456497.7299096067,2456575.551875181,0.45535897,7.008262170222624e-06,0.09754566976712907,-77.82196557428686,-170.90245433023287,56497.72990960674,0.09754566976712907,VX_Her_07.fits,,,,,,,,,,,,,,,,,,,,,,,,,,,,,,,,,,0.0011977292054807707
102,60.0,VX_Her_08.fits,2013-07-24 05:42:38.41,16:31:26.50,+18:16:16.50,2456497.73794456,2456497.741060497,VX Her,2456497.741060497,2456575.551875181,0.45535897,7.008262170222624e-06,0.1220338005927033,-77.81081468425691,-170.8779661994073,56497.74106049677,0.1220338005927033,VX_Her_08.fits,,,,,,,,,,,,,,,,,,,,,,,,,,,,,,,,,,0.0011975575862398864
103,40.0,VX_Her_09.fits,2013-07-24 06:01:38.74,16:31:27.50,+18:16:16.0,2456497.751142824,2456497.7542582173,VX Her,2456497.7542582173,2456575.551875181,0.45535897,7.008262170222624e-06,0.15101691366606929,-77.79761696374044,-170.8489830863339,56497.75425821729,0.15101691366606929,VX_Her_09.fits,,,,,,,,,,,,,,,,,,,,,,,,,,,,,,,,,,0.0011973544649849588
104,72.0,VX_Her_11.fits,2013-07-24 06:40:27.63,16:31:30.70,+18:16:16.50,2456497.778097569,2456497.7812121944,VX Her,2456497.7812121944,2456575.551875181,0.45535897,7.008262170222624e-06,0.21020972382859784,-77.7706629866734,-170.7897902761714,56497.78121219436,0.21020972382859784,VX_Her_11.fits,,,,,,,,,,,,,,,,,,,,,,,,,,,,,,,,,,0.0011969396262527477
105,52.0,VX_Her_12.fits,2013-07-26 03:01:52.68,16:31:20.40,+18:16:12.50,2456499.626304167,2456499.629294771,VX Her,2456499.629294771,2456575.551875181,0.45535897,7.008262170222624e-06,0.2687277242815469,-75.92258041026071,-166.73127227571845,56499.62929477077,0.2687277242815469,VX_Her_12.fits,,,,,,,,,,,,,,,,,,,,,,,,,,,,,,,,,,0.001168496468083006
106,51.0,VX_Her_13.fits,2013-07-26 03:19:57.89,16:31:20.80,+18:16:13.80,2456499.6388644674,2456499.6418543537,VX Her,2456499.6418543537,2456575.551875181,0.45535897,7.008262170222624e-06,0.2963094428210127,-75.91002082731575,-166.703690557179,56499.641854353715,0.2963094428210127,VX_Her_13.fits,,,,,,,,,,,,,,,,,,,,,,,,,,,,,,,,,,0.001168303168168376
107,8.0,VX_Her_15.fits,2013-07-26 03:56:56.45,16:31:22.10,+18:16:14.30,2456499.664542245,2456499.6675308454,VX Her,2456499.6675308454,2456575.551875181,0.45535897,7.008262170222624e-06,0.3526968061144373,-75.88434433564544,-166.64730319388556,56499.667530845385,0.3526968061144373,VX_Her_15.fits,,,,,,,,,,,,,,,,,,,,,,,,,,,,,,,,,,0.001167907990743328
108,121.0,VX_Her_16.fits,2013-07-26 04:14:57.54,16:31:21.80,+18:16:14.70,2456499.677054861,2456499.680042529,VX Her,2456499.680042529,2456575.551875181,0.45535897,7.008262170222624e-06,0.3801733344190552,-75.87183265201747,-166.61982666558094,56499.68004252901,0.3801733344190552,VX_Her_16.fits,,,,,,,,,,,,,,,,,,,,,,,,,,,,,,,,,,0.0011677154280294417
109,91.0,VX_Her_17.fits,2013-07-26 04:33:16.22,16:31:23.30,+18:16:15.10,2456499.689771065,2456499.6927583674,VX Her,2456499.6927583674,2456575.551875181,0.45535897,7.008262170222624e-06,0.4080982007808132,-75.85911681363359,-166.5919017992192,56499.6927583674,0.4080982007808132,VX_Her_17.fits,,,,,,,,,,,,,,,,,,,,,,,,,,,,,,,,,,0.00116751972324491
110,14.0,VX_Her_19.fits,2013-07-26 05:09:56.95,16:31:25.10,+18:16:14.70,2456499.7152424767,2456499.7182286703,VX Her,2456499.7182286703,2456575.551875181,0.45535897,7.008262170222624e-06,0.4640327591928042,-75.8336465107277,-166.5359672408072,56499.7182286703,0.4640327591928042,VX_Her_19.fits,,,,,,,,,,,,,,,,,,,,,,,,,,,,,,,,,,0.0011671277191951832
111,111.0,VX_Her_20.fits,2013-07-26 05:27:58.14,16:31:25.50,+18:16:14.30,2456499.72775625,2456499.730741744,VX Her,2456499.730741744,2456575.551875181,0.45535897,7.008262170222624e-06,0.4915123400318464,-75.8211334371008,-166.50848765996815,56499.73074174393,0.4915123400318464,VX_Her_20.fits,,,,,,,,,,,,,,,,,,,,,,,,,,,,,,,,,,0.0011669351350883355
112,103.0,VX_Her_21.fits,2013-07-26 05:47:09.11,16:31:27.50,+18:16:14.30,2456499.741077662,2456499.7440629117,VX Her,2456499.7440629117,2456575.551875181,0.45535897,7.008262170222624e-06,0.5207665519108957,-75.80781226931141,-166.47923344808908,56499.74406291172,0.5207665519108957,VX_Her_21.fits,,,,,,,,,,,,,,,,,,,,,,,,,,,,,,,,,,0.0011667301139019037
113,11.0,VX_Her_23.fits,2013-07-26 06:25:20.26,16:31:30.30,+18:16:14.30,2456499.7675956017,2456499.7705799816,VX Her,2456499.7705799816,2456575.551875181,0.45535897,7.008262170222624e-06,0.5789998835142001,-75.78129519941284,-166.4210001164858,56499.77057998162,0.5789998835142001,VX_Her_23.fits,,,,,,,,,,,,,,,,,,,,,,,,,,,,,,,,,,0.0011663219994469823
114,61.0,VX_Her_24.fits,2013-07-26 06:43:26.71,16:31:32.10,+18:16:14.30,2456499.7801702544,2456499.783154373,VX Her,2456499.783154373,2456575.551875181,0.45535897,7.008262170222624e-06,0.6066141225387582,-75.7687208079733,-166.39338587746124,56499.78315437306,0.6066141225387582,VX_Her_24.fits,,,,,,,,,,,,,,,,,,,,,,,,,,,,,,,,,,0.0011661284716202671
115,37.0,VX_Her_25.fits,2013-07-26 07:02:10.06,16:31:33.20,+18:16:15.10,2456499.793171991,2456499.7961555817,VX Her,2456499.7961555817,2456575.551875181,0.45535897,7.008262170222624e-06,0.6351656818926017,-75.75571959931403,-166.36483431810743,56499.79615558172,0.6351656818926017,VX_Her_25.fits,,,,,,,,,,,,,,,,,,,,,,,,,,,,,,,,,,0.0011659283748069469
116,87.0,X_Ari__01.fits,2012-12-22 03:23:15.78,03:09:15.80,+10:24:39.60,2456283.641154861,2456283.646060376,X Ari,2456283.646060376,2456600.578247465,0.65118011,9.47787423874303e-06,0.2956578031370327,-316.93218708923087,-486.70434219686297,56283.64606037596,0.2956578031370327,X_Ari__01.fits,,,,,,,,,,,,,,,,,,,,,,,,,,,,,,,,,,0.00461292254679202
117,34.0,X_Ari__02.fits,2012-12-22 03:34:40.90,03:09:16.00,+10:24:39.60,2456283.6490844907,2456283.6539895167,X Ari,2456283.6539895167,2456600.578247465,0.65118011,9.47787423874303e-06,0.30783437392000224,-316.92425794852903,-486.69216562608,56283.653989516664,0.30783437392000224,X_Ari__02.fits,,,,,,,,,,,,,,,,,,,,,,,,,,,,,,,,,,0.00461280713878548
118,64.0,X_Ari__03.fits,2012-12-22 05:01:23.35,03:09:17.20,+10:25:09.10,2456283.7092980323,2456283.714199466,X Ari,2456283.714199466,2456600.578247465,0.65118011,9.47787423874303e-06,0.4002971942307454,-316.8640479990281,-486.59970280576925,56283.714199466165,0.4002971942307454,X_Ari__03.fits,,,,,,,,,,,,,,,,,,,,,,,,,,,,,,,,,,0.0046119307878028145
119,18.0,X_Ari__05.fits,2012-12-22 06:37:06.64,03:09:22.90,+10:25:09.50,2456283.775771296,2456283.7806696068,X Ari,2456283.7806696068,2456600.578247465,0.65118011,9.47787423874303e-06,0.5023736237323533,-316.7975778584368,-486.4976263762677,56283.78066960676,0.5023736237323533,X_Ari__05.fits,,,,,,,,,,,,,,,,,,,,,,,,,,,,,,,,,,0.004610963320241259
120,106.0,X_Ari__06.fits,2012-12-24 05:08:25.71,03:09:18.00,+10:24:42.70,2456285.7141864584,2456285.718948371,X Ari,2456285.718948371,2456600.578247465,0.65118011,9.47787423874303e-06,0.47893684219531,-314.8592990944162,-483.5210631578047,56285.71894837078,0.47893684219531,X_Ari__06.fits,,,,,,,,,,,,,,,,,,,,,,,,,,,,,,,,,,0.004582751828392999
121,109.0,X_Ari__07.fits,2012-12-25 04:38:45.65,03:09:16.70,+10:25:06.90,2456286.6935839118,2456286.698275688,X Ari,2456286.698275688,2456600.578247465,0.65118011,9.47787423874303e-06,0.9828637931079244,-313.87997177708894,-482.0171362068921,56286.698275688104,0.9828637931079244,X_Ari__07.fits,,,,,,,,,,,,,,,,,,,,,,,,,,,,,,,,,,0.004568497797887992
122,26.0,X_Ari__09.fits,2012-12-28 04:08:26.95,03:09:15.40,+10:24:46.20,2456289.672534144,2456289.677005467,X Ari,2456289.677005467,2456600.578247465,0.65118011,9.47787423874303e-06,0.5572200014091209,-310.9012419981882,-477.4427799985909,56289.677005467005,0.5572200014091209,X_Ari__09.fits,,,,,,,,,,,,,,,,,,,,,,,,,,,,,,,,,,0.0045251426250225
123,104.0,X_Ari__10.fits,2012-12-28 05:27:33.93,03:09:19.40,+10:25:05.60,2456289.7274760418,2456289.7319444823,X Ari,2456289.7319444823,2456600.578247465,0.65118011,9.47787423874303e-06,0.6415883880645765,-310.84630298288533,-477.35841161193537,56289.73194448231,0.6415883880645765,X_Ari__10.fits,,,,,,,,,,,,,,,,,,,,,,,,,,,,,,,,,,0.004524342992064054
124,,,,,,,,,,,,,,,,,,RR_Leo_01.fits,15.0,RR_Leo_01.fits,56284.4160892361,56284.9193915179,56284.9201674354,0.0,RR_Leo_W.cur,0.45240327860994706,0.4523933,“Picked West because it was less scattered than East”,56284.9201674354,15.0,RR_Leo,RR_Leo_W.cur_15,0.45240327860994706,15.331,14.304,1.028,14.992,15.075,2455589.754186,2455589.694409,1.0,Median,3.0,100.0,None,2456284.9201674354,0.60685933,0.60685933,-695.1659814351879,-1536.606860081016,,
125,,,,,,,,,,,,,,,,,,RR_Leo_02.fits,1.0,RR_Leo_02.fits,56284.4237527778,56284.927055669905,56284.9278315872,0.0076641518,RR_Leo_W.cur,0.45240327860994706,0.4523933,“Picked West because it was less scattered than East”,56284.9278315872,1.0,RR_Leo,RR_Leo_W.cur_1,0.45240327860994706,15.331,14.304,1.028,14.992,15.075,2455589.754186,2455589.694409,1.0,Median,3.0,100.0,None,2456284.9278315874,0.62380031,0.62380031,-695.1736455869905,-1536.6238010541808,,
126,,,,,,,,,,,,,,,,,,RR_Leo_03.fits,2.0,RR_Leo_03.fits,56284.5014037037,56285.004712752,56285.0054886667,0.08532123130000001,RR_Leo_W.cur,0.45240327860994706,0.4523933,“Picked West because it was less scattered than East”,56285.0054886667,2.0,RR_Leo,RR_Leo_W.cur_2,0.45240327860994706,15.331,14.304,1.028,14.992,15.075,2455589.754186,2455589.694409,1.0,Median,3.0,100.0,None,2456285.0054886667,0.79545485,0.79545485,-695.2513026664892,-1536.795455600402,,
127,,,,,,,,,,,,,,,,,,RR_Leo_04.fits,4.0,RR_Leo_04.fits,56284.5090327546,56285.0123424049,56285.0131183194,0.092950884,RR_Leo_W.cur,0.45240327860994706,0.4523933,“Picked West because it was less scattered than East”,56285.0131183194,4.0,RR_Leo,RR_Leo_W.cur_4,0.45240327860994706,15.331,14.304,1.028,14.992,15.075,2455589.754186,2455589.694409,1.0,Median,3.0,100.0,None,2456285.0131183197,0.81231957,0.81231957,-695.2589323191933,-1536.8123203161651,,
128,,,,,,,,,,,,,,,,,,RR_Leo_05.fits,8.0,RR_Leo_05.fits,56284.5181788194,56285.0214891909,56285.022265105,0.1020976697,RR_Leo_W.cur,0.45240327860994706,0.4523933,“Picked West because it was less scattered than East”,56285.022265105,8.0,RR_Leo,RR_Leo_W.cur_8,0.45240327860994706,15.331,14.304,1.028,14.992,15.075,2455589.754186,2455589.694409,1.0,Median,3.0,100.0,None,2456285.022265105,0.83253778,0.83253778,-695.2680791047896,-1536.832538528607,,
129,,,,,,,,,,,,,,,,,,RR_Leo_06.fits,9.0,RR_Leo_06.fits,56284.5258383102,56285.029149285,56285.0299251989,0.1097577635,RR_Leo_W.cur,0.45240327860994706,0.4523933,“Picked West because it was less scattered than East”,56285.0299251989,9.0,RR_Leo,RR_Leo_W.cur_9,0.45240327860994706,15.331,14.304,1.028,14.992,15.075,2455589.754186,2455589.694409,1.0,Median,3.0,100.0,None,2456285.0299251988,0.84946978,0.84946978,-695.2757391986888,-1536.8494705321123,,
130,,,,,,,,,,,,,,,,,,RR_Leo_07.fits,13.0,RR_Leo_07.fits,56284.5353983796,56285.03871010691,56285.0394860205,0.1193185851,RR_Leo_W.cur,0.45240327860994706,0.4523933,“Picked West because it was less scattered than East”,56285.0394860205,13.0,RR_Leo,RR_Leo_W.cur_13,0.45240327860994706,15.331,14.304,1.028,14.992,15.075,2455589.754186,2455589.694409,1.0,Median,3.0,100.0,None,2456285.0394860203,0.87060319,0.87060319,-695.2853000202886,-1536.870603936868,,
131,,,,,,,,,,,,,,,,,,RR_Leo_08.fits,6.0,RR_Leo_08.fits,56287.3288180556,56287.83234706111,56287.833122883,2.9129554476,RR_Leo_W.cur,0.45240327860994706,0.4523933,“Picked West because it was less scattered than East”,56287.833122883,6.0,RR_Leo,RR_Leo_W.cur_6,0.45240327860994706,15.331,14.304,1.028,14.992,15.075,2455589.754186,2455589.694409,1.0,Median,3.0,100.0,None,2456287.833122883,0.04570623,0.04570623,-698.07893688279,-1543.045706980076,,
132,,,,,,,,,,,,,,,,,,RR_Lyr_01.fits,1.0,RR_Lyr_01.fits,56498.335909837995,56498.8385181194,56498.8393005279,0.0,RR_Lyr_W.cur,0.566800379976399,0.56686776,“Picked West because it was less scattered than East”,56498.8393005279,1.0,RR_Lyr,RR_Lyr_W.cur_1,0.566800379976399,12.119000000000002,11.636,0.484,11.929,11.952,2455630.782875,2455630.6728060003,1.0,Median,3.0,100.0,None,2456498.839300528,0.50289971,0.50289971,-868.0564255278659,-1531.5028997757747,,
133,,,,,,,,,,,,,,,,,,RR_Lyr_02.fits,4.0,RR_Lyr_02.fits,56498.360505555596,56498.8631139016,56498.8638963102,0.0245957823,RR_Lyr_W.cur,0.566800379976399,0.56686776,“Picked West because it was less scattered than East”,56498.8638963102,4.0,RR_Lyr,RR_Lyr_W.cur_4,0.566800379976399,12.119000000000002,11.636,0.484,11.929,11.952,2455630.782875,2455630.6728060003,1.0,Median,3.0,100.0,None,2456498.8638963103,0.54629379,0.54629379,-868.0810213101649,-1531.5462938580088,,
134,,,,,,,,,,,,,,,,,,RR_Lyr_03.fits,3.0,RR_Lyr_03.fits,56499.376919213,56499.87953037,56499.8803127858,1.0410122579,RR_Lyr_W.cur,0.566800379976399,0.56686776,“Picked West because it was less scattered than East”,56499.8803127858,3.0,RR_Lyr,RR_Lyr_W.cur_3,0.566800379976399,12.119000000000002,11.636,0.484,11.929,11.952,2455630.782875,2455630.6728060003,1.0,Median,3.0,100.0,None,2456499.8803127855,0.33954678,0.33954678,-869.0974377857638,-1533.339546847079,,
135,,,,,,,,,,,,,,,,,,RR_Lyr_04.fits,7.0,RR_Lyr_04.fits,56499.3796336806,56499.8822448423,56499.883027258096,1.0437267302,RR_Lyr_W.cur,0.566800379976399,0.56686776,“Picked West because it was less scattered than East”,56499.883027258096,7.0,RR_Lyr,RR_Lyr_W.cur_7,0.566800379976399,12.119000000000002,11.636,0.484,11.929,11.952,2455630.782875,2455630.6728060003,1.0,Median,3.0,100.0,None,2456499.8830272583,0.34433590000000003,0.34433590000000003,-869.1001522580627,-1533.3443359622504,,
136,,,,,,,,,,,,,,,,,,RU_Psc_01.fits,16.0,RU_Psc_01.fits,56285.173755555596,56285.6759811059,56285.676745907,0.0,RU_Psc_W.cur,0.390311023265007,0.390385,“Picked West because it was less scattered than East”,56285.676745907,16.0,RU_Psc,RU_Psc_W.cur_16,0.390311023265007,14.578,14.202,0.376,14.384,14.404000000000002,2455539.22218,2455539.4323779996,1.0,Median,3.0,100.0,None,2456285.676745907,0.46088639,0.46088639,-746.4545659069627,-1912.46088737839,,
137,,,,,,,,,,,,,,,,,,RU_Psc_02.fits,2.0,RU_Psc_02.fits,56286.1427247685,56286.6448636544,56286.6456284818,0.9688825749,RU_Psc_W.cur,0.390311023265007,0.390385,“Picked West because it was less scattered than East”,56286.6456284818,2.0,RU_Psc,RU_Psc_W.cur_2,0.390311023265007,14.578,14.202,0.376,14.384,14.404000000000002,2455539.22218,2455539.4323779996,1.0,Median,3.0,100.0,None,2456286.6456284816,0.94322103,0.94322103,-747.4234484817571,-1914.9432220218996,,
138,,,,,,,,,,,,,,,,,,RU_Psc_03.fits,1.0,RU_Psc_03.fits,56288.076715972195,56288.5786800417,56288.5794449219,2.902699015,RU_Psc_W.cur,0.390311023265007,0.390385,“Picked West because it was less scattered than East”,56288.5794449219,1.0,RU_Psc,RU_Psc_W.cur_1,0.390311023265007,14.578,14.202,0.376,14.384,14.404000000000002,2455539.22218,2455539.4323779996,1.0,Median,3.0,100.0,None,2456288.5794449216,0.89777349,0.89777349,-749.3572649218622,-1919.897774480932,,
139,,,,,,,,,,,,,,,,,,RU_Psc_04.fits,10.0,RU_Psc_04.fits,56288.155403356504,56288.657360238896,56288.6581251213,2.9813792143,RU_Psc_W.cur,0.390311023265007,0.390385,“Picked West because it was less scattered than East”,56288.6581251213,10.0,RU_Psc,RU_Psc_W.cur_10,0.390311023265007,14.578,14.202,0.376,14.384,14.404000000000002,2455539.22218,2455539.4323779996,1.0,Median,3.0,100.0,None,2456288.658125121,0.09935683,0.09935683,-749.4359451212586,-1920.0993578201321,,
140,,,,,,,,,,,,,,,,,,RU_Psc_05.fits,5.0,RU_Psc_05.fits,56288.207745949105,56288.709698025305,56288.7104629092,3.0337170022000004,RU_Psc_W.cur,0.390311023265007,0.390385,“Picked West because it was less scattered than East”,56288.7104629092,5.0,RU_Psc,RU_Psc_W.cur_5,0.390311023265007,14.578,14.202,0.376,14.384,14.404000000000002,2455539.22218,2455539.4323779996,1.0,Median,3.0,100.0,None,2456288.7104629087,0.23344935,0.23344935,-749.4882829091584,-1920.2334503380991,,
141,,,,,,,,,,,,,,,,,,RU_Psc_06.fits,15.0,RU_Psc_06.fits,56289.1223,56289.6241685831,56289.624933492,3.948187585,RU_Psc_W.cur,0.390311023265007,0.390385,“Picked West because it was less scattered than East”,56289.624933492,15.0,RU_Psc,RU_Psc_W.cur_15,0.390311023265007,14.578,14.202,0.376,14.384,14.404000000000002,2455539.22218,2455539.4323779996,1.0,Median,3.0,100.0,None,2456289.624933492,0.57637724,0.57637724,-750.4027534919587,-1922.576378229683,,
142,,,,,,,,,,,,,,,,,,RU_Psc_07.fits,11.0,RU_Psc_07.fits,56289.186913888894,56289.6887765119,56289.689541422595,4.0127955156,RU_Psc_W.cur,0.390311023265007,0.390385,“Picked West because it was less scattered than East”,56289.689541422595,11.0,RU_Psc,RU_Psc_W.cur_11,0.390311023265007,14.578,14.202,0.376,14.384,14.404000000000002,2455539.22218,2455539.4323779996,1.0,Median,3.0,100.0,None,2456289.6895414223,0.74190659,0.74190659,-750.467361422554,-1922.7419075812622,,
143,,,,,,,,,,,,,,,,,,RU_Psc_08.fits,9.0,RU_Psc_08.fits,56289.198049537,56289.69991113,56289.70067604099,4.0239301339999995,RU_Psc_W.cur,0.390311023265007,0.390385,“Picked West because it was less scattered than East”,56289.70067604099,9.0,RU_Psc,RU_Psc_W.cur_9,0.390311023265007,14.578,14.202,0.376,14.384,14.404000000000002,2455539.22218,2455539.4323779996,1.0,Median,3.0,100.0,None,2456289.7006760407,0.77043414,0.77043414,-750.4784960409525,-1922.7704351342516,,
144,,,,,,,,,,,,,,,,,,RU_Psc_09.fits,7.0,RU_Psc_09.fits,56289.211982638895,56289.7138429421,56289.7146078534,4.0378619464,RU_Psc_W.cur,0.390311023265007,0.390385,“Picked West because it was less scattered than East”,56289.7146078534,7.0,RU_Psc,RU_Psc_W.cur_7,0.390311023265007,14.578,14.202,0.376,14.384,14.404000000000002,2455539.22218,2455539.4323779996,1.0,Median,3.0,100.0,None,2456289.714607853,0.80612827,0.80612827,-750.4924278533581,-1922.8061292642535,,
145,,,,,,,,,,,,,,,,,,RU_Psc_10.fits,37.0,RU_Psc_10.fits,56498.3857778935,56498.8863569428,56498.8871281731,213.21038226619999,RU_Psc_W.cur,0.390311023265007,0.390385,“Picked West because it was less scattered than East”,56498.8871281731,37.0,RU_Psc,RU_Psc_W.cur_37,0.390311023265007,14.578,14.202,0.376,14.384,14.404000000000002,2455539.22218,2455539.4323779996,1.0,Median,3.0,100.0,None,2456498.887128173,0.7185362,0.7185362,-959.6649481730565,-2458.718537194577,,
146,,,,,,,,,,,,,,,,,,TT_Lyn_03.fits,17.0,TT_Lyn_03.fits,56284.3897144676,56284.893977546504,56284.8947486005,0.06465735269999999,TT_Lyn_E.cur,0.597432003213225,0.597434355,“Picked East just because they look nearly the same”,56284.8947486005,17.0,TT_Lyn,TT_Lyn_E.cur_17,0.597432003213225,14.419,13.834000000000001,0.585,14.161,14.193,2456507.04429,2456506.931262,1.0,Median,3.0,100.0,None,2456284.8947486,0.15928848,0.15928848,222.149541399609,371.8407119216934,,
147,,,,,,,,,,,,,,,,,,TT_Lyn_07.fits,8.0,TT_Lyn_07.fits,56285.4872763889,56285.991592375,56285.9923634026,1.1622721549,TT_Lyn_E.cur,0.597432003213225,0.597434355,“Picked East just because they look nearly the same”,56285.9923634026,8.0,TT_Lyn,TT_Lyn_E.cur_8,0.597432003213225,14.419,13.834000000000001,0.585,14.161,14.193,2456507.04429,2456506.931262,1.0,Median,3.0,100.0,None,2456285.9923634026,0.99650979,0.99650979,221.051926597509,370.0034906208649,,
148,,,,,,,,,,,,,,,,,,TV_Lyn_02.fits,0.0,TV_Lyn_02.fits,56285.3226730324,56285.8276268356,56285.8283942239,0.0175858149,TV_Lyn_E.cur,0.24065179589923497,0.24065119,“Picked East just because they look nearly the same”,56285.8283942239,0.0,TV_Lyn,TV_Lyn_E.cur_0,0.24065179589923497,15.774000000000001,15.440999999999999,0.332,15.610999999999999,15.628,2456507.121316,2456507.266574,1.0,Median,3.0,100.0,None,2456285.828394224,0.44350632,0.44350632,221.29292177598836,919.5564942662946,,
149,,,,,,,,,,,,,,,,,,TV_Lyn_06.fits,13.0,TV_Lyn_06.fits,56285.4203609954,56285.9253169725,56285.9260843593,0.1152759503,TV_Lyn_E.cur,0.24065179589923497,0.24065119,“Picked East just because they look nearly the same”,56285.9260843593,13.0,TV_Lyn,TV_Lyn_E.cur_13,0.24065179589923497,15.774000000000001,15.440999999999999,0.332,15.610999999999999,15.628,2456507.121316,2456507.266574,1.0,Median,3.0,100.0,None,2456285.9260843596,0.84944609,0.84944609,221.19523164058774,919.1505544932894,,
150,,,,,,,,,,,,,,,,,,TV_Lyn_10.fits,12.0,TV_Lyn_10.fits,56289.3612840278,56289.8663159976,56289.8670833202,4.0562749112,TV_Lyn_E.cur,0.24065179589923497,0.24065119,“Picked East just because they look nearly the same”,56289.8670833202,12.0,TV_Lyn,TV_Lyn_E.cur_12,0.24065179589923497,15.774000000000001,15.440999999999999,0.332,15.610999999999999,15.628,2456507.121316,2456507.266574,1.0,Median,3.0,100.0,None,2456289.86708332,0.22579993,0.22579993,217.25423267969018,902.7742006573608,,
151,,,,,,,,,,,,,,,,,,TW_Lyn_04.fits,12.0,TW_Lyn_04.fits,56288.2695837963,56288.774697541696,56288.7754651567,4.9744738972,TW_Lyn_E.cur,0.48186120202796795,0.48186,,56288.7754651567,12.0,TW_Lyn,TW_Lyn_E.cur_12,0.48186120202796795,16.486,15.687999999999999,0.7979999999999999,16.171,16.223,2454992.680594,2454992.596184,1.0,Median,3.0,100.0,None,2456288.775465157,0.76806061,0.76806061,-1296.094871156667,-2689.768061221579,,
152,,,,,,,,,,,,,,,,,,V445_O_01.fits,0.0,V445_O_01.fits,56498.1472013889,56498.6503122725,56498.6511025225,0.0,V445_Oph_E.cur,0.397024445381139,0.3970227,“Picked East just because they look nearly the same”,56498.6511025225,0.0,V445_O,V445_Oph_E.cur_0,0.397024445381139,13.385,12.807,0.578,13.152000000000001,13.184000000000001,2456137.162546,2456137.0910099996,1.0,Median,3.0,100.0,None,2456498.6511025224,0.49445604,0.49445604,-361.4885565225195,-910.4944562682898,,
153,,,,,,,,,,,,,,,,,,V445_O_02.fits,2.0,V445_O_02.fits,56498.1648840278,56498.667993505995,56498.668783755704,0.0176812332,V445_Oph_E.cur,0.397024445381139,0.3970227,“Picked East just because they look nearly the same”,56498.668783755704,2.0,V445_O,V445_Oph_E.cur_2,0.397024445381139,13.385,12.807,0.578,13.152000000000001,13.184000000000001,2456137.162546,2456137.0910099996,1.0,Median,3.0,100.0,None,2456498.668783756,0.53899041,0.53899041,-361.50623775572603,-910.5389906374256,,
