Unnamed: 0,file,ut_epoch,ra,dec,jd,bjd,star_match,spec_bjd,photo_bjd,T_final,err_tot,phasemod,baseline_time,baseline_div_period
37,AR_Per_01.fits,2012-12-21 04:14:22.28,04:18:10.10,+47:20:05.40,2456282.6766467597,2456282.6822751886,AR Per,2456282.6822751886,2456574.74991518,0.42555047030000004,6.505386482068921e-06,0.6709735386342572,-292.0676399911754,-686.3290264613657
136,AR_Per_02.fits,2012-12-21 04:27:07.07,04:18:10.40,+47:20:05.0,2456282.685498496,2456282.691126706,AR Per,2456282.691126706,2456574.74991518,0.42555047030000004,6.505386482068921e-06,0.6917736976641891,-292.05878847371787,-686.3082263023358
164,AR_Per_03.fits,2012-12-21 06:08:14.21,04:18:12.40,+47:19:58.80,2456282.755720023,2456282.761346463,AR Per,2456282.761346463,2456574.74991518,0.42555047030000004,6.505386482068921e-06,0.8567829314358733,-291.9885687166825,-686.1432170685641
105,AR_Per_04.fits,2012-12-21 07:08:50.50,04:18:14.90,+47:19:59.30,2456282.7978067133,2456282.803432178,AR Per,2456282.803432178,2456574.74991518,0.42555047030000004,6.505386482068921e-06,0.9556800495008702,-291.9464830015786,-686.0443199504991
112,AR_Per_05.fits,2012-12-21 07:32:16.76,04:18:17.00,+47:20:00.60,2456282.8140828703,2456282.819708069,AR Per,2456282.819708069,2456574.74991518,0.42555047030000004,6.505386482068921e-06,0.9939267247441421,-291.9302071109414,-686.0060732752559
65,AR_Per_06.fits,2012-12-21 07:51:03.83,04:18:18.00,+47:20:01.90,2456282.827127662,2456282.8327525686,AR Per,2456282.8327525686,2456574.74991518,0.42555047030000004,6.505386482068921e-06,0.02457996261500739,-291.91716261114925,-685.975420037385
76,AR_Per_07.fits,2012-12-21 08:14:07.25,04:18:19.50,+47:20:04.50,2456282.843139468,2456282.848764036,AR Per,2456282.848764036,2456574.74991518,0.42555047030000004,6.505386482068921e-06,0.062205269883975234,-291.90115114394575,-685.937794730116
95,AR_Per_08.fits,2012-12-22 04:36:40.09,04:18:10.10,+47:20:00.10,2456283.6921306713,2456283.6977288728,AR Per,2456283.6977288728,2456574.74991518,0.42555047030000004,6.505386482068921e-06,0.057185645103913885,-291.05218630703166,-683.9428143548961
126,AR_Per_09.fits,2012-12-22 05:57:06.72,04:18:12.20,+47:20:01.0,2456283.7479944443,2456283.7535911626,AR Per,2456283.7535911626,2456574.74991518,0.42555047030000004,6.505386482068921e-06,0.1884563021754957,-290.99632401717827,-683.8115436978245
60,AR_Per_10.fits,2012-12-22 07:39:54.86,04:18:17.40,+47:20:11.10,2456283.819384953,2456283.8249799497,AR Per,2456283.8249799497,2456574.74991518,0.42555047030000004,6.505386482068921e-06,0.3562126368682357,-290.92493523005396,-683.6437873631318
79,AR_Per_11.fits,2012-12-24 03:23:39.71,04:18:08.40,+47:20:16.0,2456285.6414318285,2456285.6469672243,AR Per,2456285.6469672243,2456574.74991518,0.42555047030000004,6.505386482068921e-06,0.6376960371428595,-289.10294795548543,-679.3623039628571
108,AR_Per_12.fits,2012-12-24 06:06:39.66,04:18:11.80,+47:20:02.30,2456285.7546256944,2456285.7601578347,AR Per,2456285.7601578347,2456574.74991518,0.42555047030000004,6.505386482068921e-06,0.9036823732585617,-288.989757345058,-679.0963176267414
110,AR_Per_13.fits,2012-12-24 06:25:43.06,04:18:12.60,+47:20:02.30,2456285.76785949,2456285.77339128,AR Per,2456285.77339128,2456574.74991518,0.42555047030000004,6.505386482068921e-06,0.9347796132869917,-288.9765238999389,-679.065220386713
138,AR_Per_14.fits,2012-12-24 06:48:31.97,04:18:13.60,+47:20:02.30,2456285.783703356,2456285.7892347286,AR Per,2456285.7892347286,2456574.74991518,0.42555047030000004,6.505386482068921e-06,0.972010094276925,-288.9606804512441,-679.0279899057231
162,AR_Per_15.fits,2012-12-25 04:16:23.67,04:18:08.20,+47:20:06.30,2456286.6780517357,2456286.6835516985,AR Per,2456286.6835516985,2456574.74991518,0.42555047030000004,6.505386482068921e-06,0.07356333489394729,-288.06636348133907,-676.926436665106
3,AR_Per_16.fits,2012-12-28 05:51:42.70,04:18:11.80,+47:20:03.20,2456289.7442442128,2456289.7496305034,AR Per,2456289.7496305034,2456574.74991518,0.42555047030000004,6.505386482068921e-06,0.27853435216843536,-285.00028467644006,-669.7214656478316
119,AV_Peg_01.fits,2013-07-24 08:46:04.27,21:52:45.50,+22:34:05.70,2456497.865327199,2456497.86998138,AV Peg,2456497.86998138,2456593.58904773,0.3903816816,6.505386482068921e-06,0.8064602891205368,-95.7190663497895,-245.19353971087946
46,AV_Peg_02.fits,2013-07-24 10:01:28.47,21:52:46.90,+22:33:34.50,2456497.917690625,2456497.9223477743,AV Peg,2456497.9223477743,2456593.58904773,0.3903816816,6.505386482068921e-06,0.9406018140745687,-95.66669995570555,-245.05939818592543
90,AV_Peg_03.fits,2013-07-24 10:47:39.05,21:52:49.90,+22:33:34.50,2456497.949757524,2456497.954415798,AV Peg,2456497.954415798,2456593.58904773,0.3903816816,6.505386482068921e-06,0.022747123230345778,-95.63463193178177,-244.97725287676965
11,AV_Peg_04.fits,2013-07-25 07:39:22.39,21:52:44.90,+22:33:31.40,2456498.819009144,2456498.8237113687,AV Peg,2456498.8237113687,2456593.58904773,0.3903816816,6.505386482068921e-06,0.24953083646931873,-94.76533636124805,-242.75046916353068
30,AV_Peg_05.fits,2013-07-25 08:16:03.93,21:52:44.90,+22:34:06.10,2456498.844489931,2456498.8491927776,AV Peg,2456498.8491927776,2456593.58904773,0.3903816816,6.505386482068921e-06,0.3148039015966333,-94.73985495232046,-242.68519609840337
149,AV_Peg_06.fits,2013-07-25 08:51:36.36,21:52:44.90,+22:34:06.10,2456498.869170833,2456498.873874892,AV Peg,2456498.873874892,2456593.58904773,0.3903816816,6.505386482068921e-06,0.37802949728873614,-94.71517283795401,-242.62197050271126
150,AV_Peg_07.fits,2013-07-25 10:17:00.98,21:52:49.10,+22:34:03.0,2456498.928483565,2456498.9331899458,AV Peg,2456498.9331899458,2456593.58904773,0.3903816816,6.505386482068921e-06,0.5299706782965075,-94.65585778420791,-242.4700293217035
2,AV_Peg_08.fits,2013-07-26 08:03:17.91,21:52:45.40,+22:34:05.70,2456499.835623958,2456499.840374843,AV Peg,2456499.840374843,2456593.58904773,0.3903816816,6.505386482068921e-06,0.8538115248704798,-93.74867288675159,-240.14618847512952
44,AV_Peg_09.fits,2013-07-26 08:38:38.26,21:52:44.40,+22:34:05.70,2456499.860165046,2456499.8649172536,AV Peg,2456499.8649172536,2456593.58904773,0.3903816816,6.505386482068921e-06,0.9166792554763958,-93.72413047635928,-240.0833207445236
139,BH_Peg_01.fits,2013-07-24 09:36:23.75,22:53:47.40,+15:46:56.50,2456497.9002748844,2456497.9045969616,BH Peg,2456497.9045969616,2456563.6316311043,0.640993,7.008262170222624e-06,0.4606054314063641,-65.72703414270654,-102.53939456859364
42,BH_Peg_02.fits,2013-07-24 10:25:10.29,22:53:47.90,+15:47:21.10,2456497.934146875,2456497.938470805,BH Peg,2456497.938470805,2456563.6316311043,0.640993,7.008262170222624e-06,0.5134513181708087,-65.69316029921174,-102.48654868182919
0,BH_Peg_03.fits,2013-07-24 11:12:07.52,22:53:49.60,+15:47:25.50,2456497.9667537035,2456497.9710793938,BH Peg,2456497.9710793938,2456563.6316311043,0.640993,7.008262170222624e-06,0.5643233069316835,-65.66055171051994,-102.43567669306832
163,RR_Cet_01.fits,2012-12-22 02:04:07.93,01:32:52.00,+01:20:08.90,2456283.586202893,2456283.5890340623,RR Cet,2456283.5890340623,2456576.672002036,0.55305291,6.634404432869557e-06,0.06341947684552451,-293.0829679737799,-529.9365805231545
4,RR_Cet_02.fits,2012-12-22 02:20:51.45,01:32:51.70,+01:20:08.90,2456283.5978177083,2456283.6006476907,RR Cet,2456283.6006476907,2456576.672002036,0.55305291,6.634404432869557e-06,0.08441860396590073,-293.0713543454185,-529.9155813960341
40,RR_Cet_03.fits,2012-12-22 02:35:51.61,01:32:52.50,+01:20:08.10,2456283.6082362267,2456283.6110655093,RR Cet,2456283.6110655093,2456576.672002036,0.55305291,6.634404432869557e-06,0.10325553325264991,-293.06093652686104,-529.8967444667474
63,RR_Cet_04.fits,2012-12-22 02:49:15.67,01:32:53.20,+01:20:07.60,2456283.617542477,2456283.62037113,RR Cet,2456283.62037113,2456576.672002036,0.55305291,6.634404432869557e-06,0.1200814470083742,-293.05163090629503,-529.8799185529916
78,RR_Cet_05.fits,2012-12-22 04:08:28.99,01:32:55.70,+01:20:05.40,2456283.6725577544,2456283.675382109,RR Cet,2456283.675382109,2456576.672002036,0.55305291,6.634404432869557e-06,0.2195492882747203,-292.9966199272312,-529.7804507117253
106,RR_Cet_06.fits,2012-12-22 05:26:39.18,01:33:00.80,+01:20:11.60,2456283.726842361,2456283.72966346,RR Cet,2456283.72966346,2456576.672002036,0.55305291,6.634404432869557e-06,0.31769785629603575,-292.9423385760747,-529.682302143704
111,RR_Cet_07.fits,2012-12-24 03:44:32.77,01:32:54.40,+01:19:59.70,2456285.655934838,2456285.658572581,RR Cet,2456285.658572581,2456576.672002036,0.55305291,6.634404432869557e-06,0.8054457484122395,-291.01342945499346,-526.1945542515878
49,RR_Cet_08.fits,2012-12-24 04:43:04.90,01:32:56.70,+01:20:04.10,2456285.69658449,2456285.699219231,RR Cet,2456285.699219231,2456576.672002036,0.55305291,6.634404432869557e-06,0.8789407959243363,-290.97278280509636,-526.1210592040757
87,RR_Cet_09.fits,2012-12-27 01:30:30.61,01:32:51.00,+01:20:08.50,2456288.5628542826,2456288.5652141217,RR Cet,2456288.5652141217,2456576.672002036,0.55305291,6.634404432869557e-06,0.061075884384649726,-288.10678791441023,-520.9389241156154
155,RR_Leo_01.fits,2012-12-23 09:59:10.11,10:08:25.40,+23:50:08.50,2456284.9160892363,2456284.92015215,RR Leo,2456284.92015215,2456604.945375506,0.45240363385,1.0439810056868674e-06,0.6112890997497971,-320.0252233557403,-707.3887109002502
17,RR_Leo_02.fits,2012-12-23 10:10:12.24,10:08:26.20,+23:50:07.20,2456284.9237527773,2456284.9278160576,RR Leo,2456284.9278160576,2456604.945375506,0.45240363385,1.0439810056868674e-06,0.6282295195646839,-320.0175594482571,-707.3717704804353
24,RR_Leo_03.fits,2012-12-23 12:02:01.28,10:08:28.60,+23:50:10.70,2456285.0014037043,2456285.0054724547,RR Leo,2456285.0054724547,2456604.945375506,0.45240363385,1.0439810056868674e-06,0.7998824226801844,-319.93990305112675,-707.2001175773198
53,RR_Leo_04.fits,2012-12-23 12:13:00.43,10:08:29.00,+23:50:10.30,2456285.0090327547,2456285.0131019875,RR Leo,2456285.0131019875,2456604.945375506,0.45240363385,1.0439810056868674e-06,0.8167468602349572,-319.9322735182941,-707.183253139765
84,RR_Leo_05.fits,2012-12-23 12:26:10.65,10:08:29.80,+23:50:10.30,2456285.018178819,2456285.022248536,RR Leo,2456285.022248536,2456604.945375506,0.45240363385,1.0439810056868674e-06,0.8369645323701889,-319.92312696995214,-707.1630354676298
94,RR_Leo_06.fits,2012-12-23 12:37:12.43,10:08:30.20,+23:50:10.30,2456285.0258383104,2456285.0299085127,RR Leo,2456285.0299085127,2456604.945375506,0.45240363385,1.0439810056868674e-06,0.8538962638223211,-319.91546699311584,-707.1461037361777
127,RR_Leo_07.fits,2012-12-23 12:50:58.42,10:08:30.60,+23:50:10.30,2456285.03539838,2456285.039469216,RR Leo,2456285.039469216,2456604.945375506,0.45240363385,1.0439810056868674e-06,0.8750293904919317,-319.9059062898159,-707.1249706095081
64,RR_Leo_08.fits,2012-12-26 07:53:29.88,10:08:30.30,+23:50:08.90,2456287.828818056,2456287.8331068987,RR Leo,2456287.8331068987,2456604.945375506,0.45240363385,1.0439810056868674e-06,0.050129397778846396,-317.11226860713214,-700.9498706022212
56,RR_Lyr_01.fits,2013-07-25 08:03:42.61,19:25:59.80,+42:43:44.90,2456498.8359098383,2456498.8393075946,RR Lyr,2456498.8393075946,2456465.6243126653,0.5668179800500001,1.3162261027768374e-05,0.5990496037815802,33.21499492926523,58.59904960378158
128,RR_Lyr_02.fits,2013-07-25 08:39:07.68,19:26:01.60,+42:43:42.70,2456498.8605055558,2456498.863903556,RR Lyr,2456498.863903556,2456465.6243126653,0.5668179800500001,1.3162261027768374e-05,0.6424426546480788,33.239590890705585,58.64244265464808
93,RR_Lyr_03.fits,2013-07-26 09:02:45.82,19:26:02.90,+42:43:45.70,2456499.8769192128,2456499.880320196,RR Lyr,2456499.880320196,2456465.6243126653,0.5668179800500001,1.3162261027768374e-05,0.4356402521047542,34.25600753072649,60.435640252104754
156,RR_Lyr_04.fits,2013-07-26 09:06:40.35,19:26:04.10,+42:43:45.70,2456499.8796336805,2456499.8830347555,RR Lyr,2456499.8830347555,2456465.6243126653,0.5668179800500001,1.3162261027768374e-05,0.4404293723009829,34.25872209016234,60.44042937230098
146,RU_Psc_01.fits,2012-12-24 04:10:12.48,01:15:13.20,+24:23:58.30,2456285.6737555554,2456285.6767611224,RU Psc,2456285.6767611224,2456602.7204287453,,7.008262170222624e-06,,-317.0436676228419,
28,RU_Psc_02.fits,2012-12-25 03:25:31.42,01:15:10.20,+24:24:18.50,2456286.6427247687,2456286.645642918,RU Psc,2456286.645642918,2456602.7204287453,,7.008262170222624e-06,,-316.0747858271934,
14,RU_Psc_03.fits,2012-12-27 01:50:28.26,01:15:07.00,+24:23:57.90,2456288.5767159723,2456288.579458253,RU Psc,2456288.579458253,2456602.7204287453,,7.008262170222624e-06,,-314.14097049226984,
88,RU_Psc_04.fits,2012-12-27 03:43:46.85,01:15:11.60,+24:23:57.90,2456288.655403356,2456288.658140004,RU Psc,2456288.658140004,2456602.7204287453,,7.008262170222624e-06,,-314.0622887411155,
50,RU_Psc_05.fits,2012-12-27 04:59:09.25,01:15:16.50,+24:24:00.50,2456288.7077459493,2456288.710479464,RU Psc,2456288.710479464,2456602.7204287453,,7.008262170222624e-06,,-314.00994928134605,
122,RU_Psc_06.fits,2012-12-28 02:56:06.72,01:15:09.70,+24:24:00.10,2456289.6223,2456289.624947806,RU Psc,2456289.624947806,2456602.7204287453,,7.008262170222624e-06,,-313.0954809393734,
97,RU_Psc_07.fits,2012-12-28 04:29:09.36,01:15:15.10,+24:24:00.10,2456289.686913889,2456289.6895575654,RU Psc,2456289.6895575654,2456602.7204287453,,7.008262170222624e-06,,-313.03087117988616,
77,RU_Psc_08.fits,2012-12-28 04:45:11.48,01:15:16.80,+24:24:00.10,2456289.698049537,2456289.7006927584,RU Psc,2456289.7006927584,2456602.7204287453,,7.008262170222624e-06,,-313.01973598683253,
62,RU_Psc_09.fits,2012-12-28 05:05:15.30,01:15:17.60,+24:24:00.10,2456289.711982639,2456289.7146248426,RU Psc,2456289.7146248426,2456602.7204287453,,7.008262170222624e-06,,-313.0058039026335,
124,RU_Psc_10.fits,2013-07-25 09:15:31.21,01:15:14.60,+24:24:12.80,2456498.885777893,2456498.887111562,RU Psc,2456498.887111562,2456602.7204287453,,7.008262170222624e-06,,-103.83331718342379,
96,RU_Psc_11.fits,2013-07-25 09:34:19.36,01:15:15.40,+24:24:15.90,2456498.898835185,2456498.9001697702,RU Psc,2456498.9001697702,2456602.7204287453,,7.008262170222624e-06,,-103.82025897502899,
86,RU_Psc_12.fits,2013-07-25 09:52:26.48,01:15:15.20,+24:24:15.90,2456498.9114175932,2456498.9127534376,RU Psc,2456498.9127534376,2456602.7204287453,,7.008262170222624e-06,,-103.80767530761659,
52,RU_Psc_13.fits,2013-07-25 10:39:59.68,01:15:14.10,+24:24:14.20,2456498.944440741,2456498.94578011,RU Psc,2456498.94578011,2456602.7204287453,,7.008262170222624e-06,,-103.77464863518253,
26,RU_Psc_14.fits,2013-07-25 10:58:13.10,01:15:14.30,+24:24:16.30,2456498.957096065,2456498.958436532,RU Psc,2456498.958436532,2456602.7204287453,,7.008262170222624e-06,,-103.76199221331626,
16,RU_Psc_15.fits,2013-07-26 09:16:07.24,01:15:15.70,+24:24:41.0,2456499.886194908,2456499.887621676,RU Psc,2456499.887621676,2456602.7204287453,,7.008262170222624e-06,,-102.83280706917867,
153,RU_Psc_16.fits,2013-07-26 09:35:26.65,01:15:14.20,+24:24:42.30,2456499.8996140044,2456499.9010425517,RU Psc,2456499.9010425517,2456602.7204287453,,7.008262170222624e-06,,-102.81938619352877,
143,RU_Psc_17.fits,2013-07-26 09:53:30.55,01:15:14.00,+24:24:42.30,2456499.912159144,2456499.913588945,RU Psc,2456499.913588945,2456602.7204287453,,7.008262170222624e-06,,-102.80683980043977,
38,RU_Psc_18.fits,2013-07-26 10:11:37.48,01:15:14.40,+24:24:42.30,2456499.924739352,2456499.9261701982,RU Psc,2456499.9261701982,2456602.7204287453,,7.008262170222624e-06,,-102.79425854701549,
6,RU_Psc_19.fits,2013-07-26 10:30:45.35,01:15:13.20,+24:24:42.30,2456499.938024884,2456499.939457403,RU Psc,2456499.939457403,2456602.7204287453,,7.008262170222624e-06,,-102.78097134223208,
168,RU_Psc_20.fits,2013-07-26 10:48:50.86,01:15:14.00,+24:24:42.70,2456499.950588657,2456499.9520220733,RU Psc,2456499.9520220733,2456602.7204287453,,7.008262170222624e-06,,-102.76840667193756,
132,RU_Psc_21.fits,2013-07-26 11:06:55.38,01:15:13.80,+24:24:43.60,2456499.9631409724,2456499.964575627,RU Psc,2456499.964575627,2456602.7204287453,,7.008262170222624e-06,,-102.75585311837494,
31,RU_Psc_22.fits,2013-07-26 11:25:38.24,01:15:13.70,+24:24:44.90,2456499.976137037,2456499.977572931,RU Psc,2456499.977572931,2456602.7204287453,,7.008262170222624e-06,,-102.74285581428558,
160,RW_Ari_01.fits,2012-12-27 02:09:44.74,02:16:47.10,+17:30:57.10,2456288.5901011573,2456288.593887832,RW Ari,2456288.593887832,2456313.5553936977,0.35443437,1.5980600098411443e-05,0.5736870392163382,-24.96150586567819,-70.42631296078366
1,RW_Ari_02.fits,2012-12-27 03:07:05.85,02:16:48.20,+17:30:31.60,2456288.62992882,2456288.6337122745,RW Ari,2456288.6337122745,2456313.5553936977,0.35443437,1.5980600098411443e-05,0.6860475940697199,-24.921681423205882,-70.31395240593028
43,RW_Ari_03.fits,2012-12-27 04:04:11.28,02:16:49.40,+17:30:52.70,2456288.669575,2456288.673355586,RW Ari,2456288.673355586,2456313.5553936977,0.35443437,1.5980600098411443e-05,0.7978971063148776,-24.882038111798465,-70.20210289368512
59,RW_Ari_04.fits,2012-12-28 02:01:29.47,02:16:46.80,+17:30:55.40,2456289.584368866,2456289.58807013,RW Ari,2456289.58807013,2456313.5553936977,0.35443437,1.5980600098411443e-05,0.3786698007919824,-23.967323567718267,-67.62133019920802
81,RW_Ari_05.fits,2012-12-28 03:15:11.67,02:16:48.10,+17:30:55.40,2456289.6355517358,2456289.6392490054,RW Ari,2456289.6392490054,2456313.5553936977,0.35443437,1.5980600098411443e-05,0.5230657164004668,-23.916144692339003,-67.47693428359953
133,SV_Eri_01.fits,2012-12-24 05:38:07.50,03:12:39.40,-11:22:55.0,2456285.734809028,2456285.738759691,SV Eri,2456285.738759691,2456580.0381616033,0.7138098,5.98917050087646e-06,0.7061341657504272,-294.29940191237256,-412.2938658342496
33,SV_Eri_02.fits,2012-12-25 03:51:13.02,03:12:34.20,-11:22:43.60,2456286.660567361,2456286.664452649,SV Eri,2456286.664452649,2456580.0381616033,0.7138098,5.98917050087646e-06,0.002968362046999573,-293.37370895408094,-410.997031637953
9,SV_Eri_03.fits,2012-12-27 02:45:25.38,03:12:34.70,-11:22:34.0,2456288.614877084,2456288.618624422,SV Eri,2456288.618624422,2456580.0381616033,0.7138098,5.98917050087646e-06,0.7406328947847101,-291.41953718150035,-408.2593671052153
73,SV_Eri_04.fits,2012-12-27 05:20:13.58,03:12:37.40,-11:22:38.80,2456288.722379398,2456288.7261196985,SV Eri,2456288.7261196985,2456580.0381616033,0.7138098,5.98917050087646e-06,0.8912266197840495,-291.3120419047773,-408.10877338021595
70,SV_Eri_05.fits,2012-12-28 02:36:27.95,03:12:33.60,-11:22:41.40,2456289.6086568288,2456289.6123321117,SV Eri,2456289.6123321117,2456580.0381616033,0.7138098,5.98917050087646e-06,0.1327512012611578,-290.42582949157804,-406.86724879873884
116,SV_Eri_06.fits,2012-12-28 03:49:38.71,03:12:34.90,-11:22:38.80,2456289.6594758104,2456289.6631478155,SV Eri,2456289.6631478155,2456580.0381616033,0.7138098,5.98917050087646e-06,0.20394061868438484,-290.37501378776506,-406.7960593813156
41,TT_Lyn_01.fits,2012-12-23 07:48:05.21,09:03:54.00,+44:26:19.80,2456284.825060301,2456284.830085214,TT Lyn,2456284.830085214,2456606.768747597,0.59743006875,2.7978248385347296e-06,0.127453701209447,-321.93866238277406,-538.8725462987906
137,TT_Lyn_02.fits,2012-12-23 08:01:35.64,09:03:53.80,+44:26:29.90,2456284.8344402784,2456284.839465646,TT Lyn,2456284.839465646,2456606.768747597,0.59743006875,2.7978248385347296e-06,0.14315500641055223,-321.92928195092827,-538.8568449935894
161,TT_Lyn_03.fits,2012-12-23 09:21:11.33,09:03:54.30,+44:26:06.20,2456284.8897144683,2456284.8947425974,TT Lyn,2456284.8947425974,2456606.768747597,0.59743006875,2.7978248385347296e-06,0.23567956146450797,-321.87400499964133,-538.7643204385355
107,TT_Lyn_04.fits,2012-12-23 10:28:56.26,09:03:55.30,+44:25:50.40,2456284.9367622687,2456284.941792603,TT Lyn,2456284.941792603,2456606.768747597,0.59743006875,2.7978248385347296e-06,0.31443355832095676,-321.826954993885,-538.685566441679
109,TT_Lyn_05.fits,2012-12-23 10:39:55.90,09:03:55.60,+44:25:50.80,2456284.944396991,2456284.949427641,TT Lyn,2456284.949427641,2456606.768747597,0.59743006875,2.7978248385347296e-06,0.32721336014174085,-321.8193199560046,-538.6727866398583
61,TT_Lyn_06.fits,2012-12-24 10:42:02.60,09:03:56.70,+44:26:14.10,2456285.9458634257,2456285.950942328,TT Lyn,2456285.950942328,2456606.768747597,0.59743006875,2.7978248385347296e-06,0.003584770938573456,-320.81780526880175,-536.9964152290614
80,TT_Lyn_07.fits,2012-12-24 11:41:40.68,09:04:00.00,+44:25:58.70,2456285.9872763893,2456285.992356732,TT Lyn,2456285.992356732,2456606.768747597,0.59743006875,2.7978248385347296e-06,0.07290569398639946,-320.7763908649795,-536.9270943060136
99,TT_Lyn_08.fits,2012-12-27 07:38:01.68,09:03:54.30,+44:25:57.0,2456288.818075,2456288.8232862214,TT Lyn,2456288.8232862214,2456606.768747597,0.59743006875,2.7978248385347296e-06,0.8114175925651352,-317.94546137563884,-532.1885824074349
118,TT_Lyn_09.fits,2012-12-27 09:23:36.66,09:03:54.10,+44:25:47.30,2456288.891396528,2456288.896611077,TT Lyn,2456288.896611077,2456606.768747597,0.59743006875,2.7978248385347296e-06,0.9341513805890145,-317.87213652022183,-532.065848619411
66,TT_Lyn_10.fits,2012-12-28 09:14:45.00,09:03:54.70,+44:26:22.90,2456289.8852430554,2456289.8905001674,TT Lyn,2456289.8905001674,2456606.768747597,0.59743006875,2.7978248385347296e-06,0.5977587927244485,-316.87824742961675,-530.4022412072756
57,TU_UMa_01.fits,2012-12-21 12:41:08.39,11:30:28.50,+29:54:28.70,2456283.0285693286,2456283.031046872,TU UMa,2456283.031046872,2456679.732558084,0.55765563305,1.4899991772622306e-05,0.6263713638659283,-396.70151121215895,-711.3736286361341
129,TU_UMa_02.fits,2012-12-23 11:00:30.12,11:30:26.80,+29:54:33.50,2456284.9586819443,2456284.961326395,TU UMa,2456284.961326395,2456679.732558084,0.55765563305,1.4899991772622306e-05,0.08778986075606099,-394.7712316890247,-707.9122101392439
92,TU_UMa_03.fits,2012-12-23 11:11:31.88,11:30:27.20,+29:54:33.90,2456284.9663412035,2456284.9689861867,TU UMa,2456284.9689861867,2456679.732558084,0.55765563305,1.4899991772622306e-05,0.10152556259265566,-394.7635718975216,-707.8984744374073
157,TU_UMa_04.fits,2012-12-23 11:22:37.61,11:30:27.00,+29:54:33.90,2456284.974046412,2456284.9766921215,TU UMa,2456284.9766921215,2456679.732558084,0.55765563305,1.4899991772622306e-05,0.11534400959601498,-394.75586596271023,-707.884655990404
141,TU_UMa_05.fits,2012-12-24 10:56:11.48,11:30:27.00,+29:54:31.70,2456285.955688426,2456285.958417875,TU UMa,2456285.958417875,2456679.732558084,0.55765563305,1.4899991772622306e-05,0.8757956137181964,-393.7741402089596,-706.1242043862818
23,TU_UMa_06.fits,2012-12-24 12:06:15.79,11:30:26.70,+29:54:30.80,2456286.004349421,2456286.0070831086,TU UMa,2456286.0070831086,2456679.732558084,0.55765563305,1.4899991772622306e-05,0.9630631504162466,-393.7254749755375,-706.0369368495838
19,TU_UMa_07.fits,2012-12-24 12:50:19.08,11:30:28.10,+29:54:04.90,2456286.034943056,2456286.037678705,TU UMa,2456286.037678705,2456679.732558084,0.55765563305,1.4899991772622306e-05,0.01792782782786162,-393.69487937912345,-705.9820721721721
165,TV_Lyn_01.fits,2012-12-24 07:19:19.57,07:34:23.50,+47:40:11.70,2456285.8050876157,2456285.8108086605,TV Lyn,2456285.8108086605,2456311.673919395,0.24065036129999998,3.3692460144678338e-06,0.5282696651597405,-25.863110734615475,-107.47173033484026
165,TV_Lyn_01.fits,2012-12-24 07:19:19.57,07:34:23.50,+47:40:11.70,2456285.8050876157,2456285.8108086605,TV Lyn,2456285.8108086605,2456624.804213365,0.24065036129999998,3.3692460144678338e-06,0.3447090901509,-338.99340470461175,-1408.655290909849
7,TV_Lyn_02.fits,2012-12-24 07:44:38.95,07:34:23.10,+47:40:08.20,2456285.8226730325,2456285.8283945518,TV Lyn,2456285.8283945518,2456311.673919395,0.24065036129999998,3.3692460144678338e-06,0.601346186649053,-25.845524843316525,-107.39865381335095
7,TV_Lyn_02.fits,2012-12-24 07:44:38.95,07:34:23.10,+47:40:08.20,2456285.8226730325,2456285.8283945518,TV Lyn,2456285.8283945518,2456624.804213365,0.24065036129999998,3.3692460144678338e-06,0.4177856116402836,-338.9758188133128,-1408.5822143883597
35,TV_Lyn_03.fits,2012-12-24 08:18:29.07,07:34:23.80,+47:40:08.20,2456285.8461697917,2456285.8518917845,TV Lyn,2456285.8518917845,2456624.804213365,0.24065036129999998,3.3692460144678338e-06,0.5154261577615671,-338.95232158061117,-1408.4845738422384
35,TV_Lyn_03.fits,2012-12-24 08:18:29.07,07:34:23.80,+47:40:08.20,2456285.8461697917,2456285.8518917845,TV Lyn,2456285.8518917845,2456311.673919395,0.24065036129999998,3.3692460144678338e-06,0.6989867327703934,-25.822027610614896,-107.3010132672296
67,TV_Lyn_04.fits,2012-12-24 08:55:52.54,07:34:25.00,+47:40:08.20,2456285.8721358795,2456285.8778583533,TV Lyn,2456285.8778583533,2456311.673919395,0.24065036129999998,3.3692460144678338e-06,0.8068883735978147,-25.796061041764915,-107.19311162640219
67,TV_Lyn_04.fits,2012-12-24 08:55:52.54,07:34:25.00,+47:40:08.20,2456285.8721358795,2456285.8778583533,TV Lyn,2456285.8778583533,2456624.804213365,0.24065036129999998,3.3692460144678338e-06,0.6233277985891164,-338.9263550117612,-1408.3766722014109
74,TV_Lyn_05.fits,2012-12-24 09:32:10.21,07:34:26.00,+47:40:09.10,2456285.8973403936,2456285.9030633355,TV Lyn,2456285.9030633355,2456311.673919395,0.24065036129999998,3.3692460144678338e-06,0.9116253123114575,-25.77085605962202,-107.08837468768854
74,TV_Lyn_05.fits,2012-12-24 09:32:10.21,07:34:26.00,+47:40:09.10,2456285.8973403936,2456285.9030633355,TV Lyn,2456285.9030633355,2456624.804213365,0.24065036129999998,3.3692460144678338e-06,0.7280647373027023,-338.9011500296183,-1408.2719352626973
104,TV_Lyn_06.fits,2012-12-24 10:05:19.19,07:34:28.50,+47:40:12.60,2456285.9203609955,2456285.9260841925,TV Lyn,2456285.9260841925,2456311.673919395,0.24065036129999998,3.3692460144678338e-06,0.007286323952584439,-25.747835202608258,-106.99271367604742
104,TV_Lyn_06.fits,2012-12-24 10:05:19.19,07:34:28.50,+47:40:12.60,2456285.9203609955,2456285.9260841925,TV Lyn,2456285.9260841925,2456624.804213365,0.24065036129999998,3.3692460144678338e-06,0.8237257489438434,-338.87812917260453,-1408.1762742510562
114,TV_Lyn_07.fits,2012-12-28 06:21:01.40,07:34:23.60,+47:40:15.70,2456289.764599537,2456289.7703986457,TV Lyn,2456289.7703986457,2456311.673919395,0.24065036129999998,3.3692460144678338e-06,0.9819743835298169,-21.903520749416202,-91.01802561647018
114,TV_Lyn_07.fits,2012-12-28 06:21:01.40,07:34:23.60,+47:40:15.70,2456289.764599537,2456289.7703986457,TV Lyn,2456289.7703986457,2456624.804213365,0.24065036129999998,3.3692460144678338e-06,0.7984138085209906,-335.0338147194125,-1392.201586191479
54,TV_Lyn_08.fits,2012-12-28 07:34:57.45,07:34:24.30,+47:40:18.80,2456289.8159427084,2456289.8217426008,TV Lyn,2456289.8217426008,2456311.673919395,0.24065036129999998,3.3692460144678338e-06,0.19532937216237656,-21.85217679431662,-90.80467062783762
54,TV_Lyn_08.fits,2012-12-28 07:34:57.45,07:34:24.30,+47:40:18.80,2456289.8159427084,2456289.8217426008,TV Lyn,2456289.8217426008,2456624.804213365,0.24065036129999998,3.3692460144678338e-06,0.01176879715353607,-334.9824707643129,-1391.9882312028465
82,TV_Lyn_09.fits,2012-12-28 08:07:07.28,07:34:24.70,+47:40:13.0,2456289.838278704,2456289.8440790004,TV Lyn,2456289.8440790004,2456311.673919395,0.24065036129999998,3.3692460144678338e-06,0.2881461854332059,-21.82984039466828,-90.7118538145668
82,TV_Lyn_09.fits,2012-12-28 08:07:07.28,07:34:24.70,+47:40:13.0,2456289.838278704,2456289.8440790004,TV Lyn,2456289.8440790004,2456624.804213365,0.24065036129999998,3.3692460144678338e-06,0.1045856104244649,-334.96013436466455,-1391.8954143895755
101,TV_Lyn_10.fits,2012-12-28 08:40:14.94,07:34:25.80,+47:40:13.0,2456289.8612840283,2456289.867084625,TV Lyn,2456289.867084625,2456624.804213365,0.24065036129999998,3.3692460144678338e-06,0.2001833258948409,-334.93712873989716,-1391.7998166741052
101,TV_Lyn_10.fits,2012-12-28 08:40:14.94,07:34:25.80,+47:40:13.0,2456289.8612840283,2456289.867084625,TV Lyn,2456289.867084625,2456311.673919395,0.24065036129999998,3.3692460144678338e-06,0.38374390090353927,-21.806834769900888,-90.61625609909646
48,TW_Lyn_01.fits,2012-12-22 07:05:09.26,07:45:56.90,+42:58:52.30,2456283.7952460647,2456283.800988761,TW Lyn,2456283.800988761,2456606.875754271,0.481860696,2.0432426949193046e-06,0.5266283548648971,-323.07476551039144,-670.4733716451351
123,TW_Lyn_02.fits,2012-12-22 08:01:00.62,07:45:57.50,+42:59:05.10,2456283.8340349537,2456283.8397787157,TW Lyn,2456283.8397787157,2456606.875754271,0.481860696,2.0432426949193046e-06,0.6071287054637651,-323.03597555542365,-670.3928712945362
98,TW_Lyn_03.fits,2012-12-27 05:55:17.84,07:45:57.10,+42:58:51.90,2456288.746734259,2456288.7526141168,TW Lyn,2456288.7526141168,2456606.875754271,0.481860696,2.0432426949193046e-06,0.8026799131040434,-318.1231401544064,-660.197320086896
152,TW_Lyn_04.fits,2012-12-27 06:28:12.04,07:45:56.50,+42:58:52.30,2456288.769583796,2456288.775464264,TW Lyn,2456288.775464264,2456606.875754271,0.481860696,2.0432426949193046e-06,0.85010056317617,-318.10029000695795,-660.1498994368238
147,TW_Lyn_05.fits,2012-12-27 07:03:25.95,07:45:56.30,+42:58:47.50,2456288.794050347,2456288.7999314643,TW Lyn,2456288.7999314643,2456606.875754271,0.481860696,2.0432426949193046e-06,0.9008770640277817,-318.07582280691713,-660.0991229359722
27,TW_Lyn_06.fits,2012-12-27 07:58:55.55,07:45:56.30,+42:59:11.20,2456288.832587384,2456288.8384692282,TW Lyn,2456288.8384692282,2456606.875754271,0.481860696,2.0432426949193046e-06,0.9808540455711636,-318.03728504292667,-660.0191459544288
13,TW_Lyn_07.fits,2012-12-27 09:45:13.84,07:45:59.30,+42:59:04.20,2456288.906410185,2456288.9122935347,TW Lyn,2456288.9122935347,2456606.875754271,0.481860696,2.0432426949193046e-06,0.1340607858119256,-317.96346073644236,-659.8659392141881
21,T_Sex__01.fits,2012-12-23 08:24:19.74,09:54:11.60,+01:54:59.40,2456284.8502284717,2456284.8539452115,T Sex,2456284.8539452115,2456275.8230192345,0.3247475,5.7375063422116185e-06,0.8090700530221397,9.030925977043808,27.80907005302214
140,T_Sex__02.fits,2012-12-23 08:37:39.81,09:54:11.60,+01:54:59.40,2456284.8594885417,2456284.8632060685,T Sex,2456284.8632060685,2456275.8230192345,0.3247475,5.7375063422116185e-06,0.8375871532680925,9.04018683405593,27.837587153268093
159,T_Sex__03.fits,2012-12-23 09:41:33.54,09:54:10.90,+01:54:43.20,2456284.9038604167,2456284.907581758,T Sex,2456284.907581758,2456275.8230192345,0.3247475,5.7375063422116185e-06,0.974233900972834,9.084562523756176,27.974233900972834
91,T_Sex__04.fits,2012-12-23 11:44:59.36,09:54:13.40,+01:55:03.80,2456284.9895759257,2456284.993303915,T Sex,2456284.993303915,2456275.8230192345,0.3247475,5.7375063422116185e-06,0.2381994643731069,9.170284680556506,28.238199464373107
130,T_Sex__05.fits,2012-12-24 11:16:10.38,09:54:13.20,+01:55:04.70,2456285.969564583,2456285.973374724,T Sex,2456285.973374724,2456275.8230192345,0.3247475,5.7375063422116185e-06,0.25614666612949577,10.150355489458889,31.256146666129496
58,T_Sex__06.fits,2012-12-24 12:29:42.66,09:54:16.40,+01:55:06.40,2456286.020632639,2456286.024446033,T Sex,2456286.024446033,2456275.8230192345,0.3247475,5.7375063422116185e-06,0.41341133797109464,10.201426798477769,31.413411337971095
18,UY_Cam_01.fits,2012-12-21 10:20:37.31,08:00:13.00,+72:37:56.80,2456282.930987384,2456282.93525779,UY Cam,2456282.93525779,2456575.7760999613,0.2670395,5.747261825419349e-06,0.3800536208818812,-292.8408421711065,-1096.6199463791181
158,UY_Cam_02.fits,2012-12-21 11:05:35.09,08:00:16.80,+72:37:56.80,2456282.96221169,2456282.966482345,UY Cam,2456282.966482345,2456575.7760999613,0.2670395,5.747261825419349e-06,0.49698222084657573,-292.8096176162362,-1096.5030177791534
142,UY_Cam_03.fits,2012-12-21 11:42:17.23,08:00:20.00,+72:37:56.80,2456282.987699421,2456282.991970272,UY Cam,2456282.991970272,2456575.7760999613,0.2670395,5.747261825419349e-06,0.5924285004741705,-292.7841296894476,-1096.4075714995258
135,VX_Her_01.fits,2013-07-22 04:28:45.77,16:31:22.80,+18:16:16.0,2456495.6866408563,2456495.689887156,VX Her,2456495.689887156,2456575.551875181,0.45535897,7.008262170222624e-06,0.6175143420326492,-79.86198802525178,-175.38248565796735
36,VX_Her_02.fits,2013-07-24 03:48:49.60,16:31:21.90,+18:16:15.60,2456497.6589074074,2456497.6620270624,VX Her,2456497.6620270624,2456575.551875181,0.45535897,7.008262170222624e-06,0.9484708763990284,-77.88984811864793,-171.05152912360097
8,VX_Her_03.fits,2013-07-24 04:11:55.02,16:31:22.30,+18:16:16.50,2456497.6749423607,2456497.678061088,VX Her,2456497.678061088,2456575.551875181,0.45535897,7.008262170222624e-06,0.9836827131152575,-77.87381409294903,-171.01631728688474
75,VX_Her_04.fits,2013-07-24 04:28:19.24,16:31:22.30,+18:16:16.50,2456497.6863337965,2456497.689451782,VX Her,2456497.689451782,2456575.551875181,0.45535897,7.008262170222624e-06,0.008697470047337674,-77.86242339899763,-170.99130252995266
68,VX_Her_05.fits,2013-07-24 04:47:10.18,16:31:23.90,+18:16:16.50,2456497.69942338,2456497.702541016,VX Her,2456497.702541016,2456575.551875181,0.45535897,7.008262170222624e-06,0.03744233919834983,-77.84933416498825,-170.96255766080165
113,VX_Her_06.fits,2013-07-24 05:07:10.11,16:31:24.70,+18:16:16.50,2456497.7133114585,2456497.71642844,VX Her,2456497.71642844,2456575.551875181,0.45535897,7.008262170222624e-06,0.06794008918657823,-77.83544674096629,-170.93205991081342
103,VX_Her_07.fits,2013-07-24 05:26:34.94,16:31:25.40,+18:16:16.50,2456497.726793287,2456497.7299096067,VX Her,2456497.7299096067,2456575.551875181,0.45535897,7.008262170222624e-06,0.09754566976712908,-77.82196557428688,-170.90245433023287
83,VX_Her_08.fits,2013-07-24 05:42:38.41,16:31:26.50,+18:16:16.50,2456497.73794456,2456497.741060497,VX Her,2456497.741060497,2456575.551875181,0.45535897,7.008262170222624e-06,0.1220338005927033,-77.81081468425691,-170.8779661994073
55,VX_Her_09.fits,2013-07-24 06:01:38.74,16:31:27.50,+18:16:16.0,2456497.751142824,2456497.7542582173,VX Her,2456497.7542582173,2456575.551875181,0.45535897,7.008262170222624e-06,0.15101691366606929,-77.79761696374044,-170.84898308633393
117,VX_Her_10.fits,2013-07-24 06:17:40.04,16:31:29.70,+18:16:16.0,2456497.7622689814,2456497.7653843383,VX Her,2456497.7653843383,2456575.551875181,0.45535897,7.008262170222624e-06,0.17545065006623872,-77.7864908427,-170.82454934993376
100,VX_Her_11.fits,2013-07-24 06:40:27.63,16:31:30.70,+18:16:16.50,2456497.778097569,2456497.7812121944,VX Her,2456497.7812121944,2456575.551875181,0.45535897,7.008262170222624e-06,0.21020972382859782,-77.77066298667341,-170.7897902761714
72,VX_Her_12.fits,2013-07-26 03:01:52.68,16:31:20.40,+18:16:12.50,2456499.626304167,2456499.629294771,VX Her,2456499.629294771,2456575.551875181,0.45535897,7.008262170222624e-06,0.2687277242815469,-75.92258041026071,-166.73127227571845
71,VX_Her_13.fits,2013-07-26 03:19:57.89,16:31:20.80,+18:16:13.80,2456499.6388644674,2456499.6418543537,VX Her,2456499.6418543537,2456575.551875181,0.45535897,7.008262170222624e-06,0.2963094428210127,-75.91002082731575,-166.703690557179
32,VX_Her_14.fits,2013-07-26 03:37:57.40,16:31:21.60,+18:16:13.80,2456499.6513587963,2456499.654348115,VX Her,2456499.654348115,2456575.551875181,0.45535897,7.008262170222624e-06,0.32374661234979385,-75.89752706605941,-166.6762533876502
10,VX_Her_15.fits,2013-07-26 03:56:56.45,16:31:22.10,+18:16:14.30,2456499.664542245,2456499.6675308454,VX Her,2456499.6675308454,2456575.551875181,0.45535897,7.008262170222624e-06,0.3526968061144373,-75.88434433564544,-166.64730319388556
167,VX_Her_16.fits,2013-07-26 04:14:57.54,16:31:21.80,+18:16:14.70,2456499.677054861,2456499.680042529,VX Her,2456499.680042529,2456575.551875181,0.45535897,7.008262170222624e-06,0.3801733344190552,-75.87183265201747,-166.61982666558094
131,VX_Her_17.fits,2013-07-26 04:33:16.22,16:31:23.30,+18:16:15.10,2456499.689771065,2456499.6927583674,VX Her,2456499.6927583674,2456575.551875181,0.45535897,7.008262170222624e-06,0.40809820078081316,-75.85911681363359,-166.5919017992192
22,VX_Her_18.fits,2013-07-26 04:51:21.81,16:31:23.60,+18:16:15.10,2456499.702335764,2456499.705322328,VX Her,2456499.705322328,2456575.551875181,0.45535897,7.008262170222624e-06,0.4356895330141981,-75.84655285300687,-166.5643104669858
20,VX_Her_19.fits,2013-07-26 05:09:56.95,16:31:25.10,+18:16:14.70,2456499.7152424767,2456499.7182286703,VX Her,2456499.7182286703,2456575.551875181,0.45535897,7.008262170222624e-06,0.4640327591928042,-75.8336465107277,-166.5359672408072
154,VX_Her_20.fits,2013-07-26 05:27:58.14,16:31:25.50,+18:16:14.30,2456499.72775625,2456499.730741744,VX Her,2456499.730741744,2456575.551875181,0.45535897,7.008262170222624e-06,0.4915123400318464,-75.8211334371008,-166.50848765996815
144,VX_Her_21.fits,2013-07-26 05:47:09.11,16:31:27.50,+18:16:14.30,2456499.741077662,2456499.7440629117,VX Her,2456499.7440629117,2456575.551875181,0.45535897,7.008262170222624e-06,0.5207665519108957,-75.8078122693114,-166.4792334480891
25,VX_Her_22.fits,2013-07-26 06:05:14.87,16:31:28.50,+18:16:14.30,2456499.7536443286,2456499.756629061,VX Her,2456499.756629061,2456575.551875181,0.45535897,7.008262170222624e-06,0.5483626904799337,-75.79524612007663,-166.45163730952007
15,VX_Her_23.fits,2013-07-26 06:25:20.26,16:31:30.30,+18:16:14.30,2456499.7675956017,2456499.7705799816,VX Her,2456499.7705799816,2456575.551875181,0.45535897,7.008262170222624e-06,0.5789998835142001,-75.78129519941285,-166.4210001164858
85,VX_Her_24.fits,2013-07-26 06:43:26.71,16:31:32.10,+18:16:14.30,2456499.7801702544,2456499.783154373,VX Her,2456499.783154373,2456575.551875181,0.45535897,7.008262170222624e-06,0.6066141225387582,-75.7687208079733,-166.39338587746124
51,VX_Her_25.fits,2013-07-26 07:02:10.06,16:31:33.20,+18:16:15.10,2456499.793171991,2456499.7961555817,VX Her,2456499.7961555817,2456575.551875181,0.45535897,7.008262170222624e-06,0.6351656818926017,-75.75571959931403,-166.3648343181074
125,VX_Her_26.fits,2013-07-26 07:20:28.89,16:31:35.50,+18:16:18.70,2456499.80588993,2456499.8088733624,VX Her,2456499.8088733624,2456575.551875181,0.45535897,7.008262170222624e-06,0.6630948136215977,-75.74300181865692,-166.3369051863784
121,X_Ari__01.fits,2012-12-22 03:23:15.78,03:09:15.80,+10:24:39.60,2456283.641154861,2456283.646060376,X Ari,2456283.646060376,2456600.578247465,0.65118011,9.47787423874303e-06,0.2956578031370327,-316.93218708923087,-486.70434219686297
47,X_Ari__02.fits,2012-12-22 03:34:40.90,03:09:16.00,+10:24:39.60,2456283.6490844907,2456283.6539895167,X Ari,2456283.6539895167,2456600.578247465,0.65118011,9.47787423874303e-06,0.30783437392000224,-316.924257948529,-486.69216562608
89,X_Ari__03.fits,2012-12-22 05:01:23.35,03:09:17.20,+10:25:09.10,2456283.7092980323,2456283.714199466,X Ari,2456283.714199466,2456600.578247465,0.65118011,9.47787423874303e-06,0.4002971942307454,-316.8640479990281,-486.59970280576925
12,X_Ari__04.fits,2012-12-22 06:20:04.85,03:09:21.40,+10:25:09.10,2456283.763945023,2456283.7688437654,X Ari,2456283.7688437654,2456600.578247465,0.65118011,9.47787423874303e-06,0.4842129932028456,-316.8094036998227,-486.51578700679715
29,X_Ari__05.fits,2012-12-22 06:37:06.64,03:09:22.90,+10:25:09.50,2456283.775771296,2456283.7806696068,X Ari,2456283.7806696068,2456600.578247465,0.65118011,9.47787423874303e-06,0.5023736237323533,-316.79757785843685,-486.49762637626765
148,X_Ari__06.fits,2012-12-24 05:08:25.71,03:09:18.00,+10:24:42.70,2456285.7141864584,2456285.718948371,X Ari,2456285.718948371,2456600.578247465,0.65118011,9.47787423874303e-06,0.47893684219530996,-314.8592990944162,-483.5210631578047
151,X_Ari__07.fits,2012-12-25 04:38:45.65,03:09:16.70,+10:25:06.90,2456286.6935839118,2456286.698275688,X Ari,2456286.698275688,2456600.578247465,0.65118011,9.47787423874303e-06,0.9828637931079243,-313.87997177708894,-482.0171362068921
5,X_Ari__08.fits,2012-12-27 04:38:10.93,03:09:16.70,+10:25:05.10,2456288.69318206,2456288.697727351,X Ari,2456288.697727351,2456600.578247465,0.65118011,9.47787423874303e-06,0.05336860763526374,-311.8805201142095,-478.94663139236474
39,X_Ari__09.fits,2012-12-28 04:08:26.95,03:09:15.40,+10:24:46.20,2456289.672534144,2456289.677005467,X Ari,2456289.677005467,2456600.578247465,0.65118011,9.47787423874303e-06,0.5572200014091209,-310.9012419981882,-477.4427799985909
145,X_Ari__10.fits,2012-12-28 05:27:33.93,03:09:19.40,+10:25:05.60,2456289.7274760418,2456289.7319444823,X Ari,2456289.7319444823,2456600.578247465,0.65118011,9.47787423874303e-06,0.6415883880645765,-310.8463029828854,-477.3584116119354
